id,img_url,mes_scoring_0_3,vascular_pattern,bleeding,erosions_and_ulcers,uceis_score,friability,erythema,description
cli1vrpln00u507228vubhm7z,image_folder/image_cli1vrpln00u507228vubhm7z.jpg,MES-3,complete obliteration,Mucosal,deep ulcers,UCEIS-6,Severe,Marked,there is complete obliteration of the vascular pattern the mucosa demonstrates marked erythema severe friability and deep ulcers mucosal bleeding is present these findings support a mes3
clhtuutpk3txr0734bl4m5d63,image_folder/image_clhtuutpk3txr0734bl4m5d63.jpg,MES-2,complete obliteration,no visible,Erosions,UCEIS-3,Moderate,Marked,there is complete obliteration of the vascular pattern the mucosa demonstrates marked erythema moderate friability and erosions no visible bleeding is present these findings support a mes2
clhrz9bbm00kw07y36ppicjvv,image_folder/image_clhrz9bbm00kw07y36ppicjvv.jpg,MES-2,complete obliteration,Luminal mild,Erosions,UCEIS-5,Moderate,Marked,there is complete obliteration of the vascular pattern the mucosa demonstrates marked erythema moderate friability and erosions luminal mild bleeding is present these findings support a mes2
clhzeu8240r4y073g7vm22bhh,image_folder/image_clhzeu8240r4y073g7vm22bhh.jpg,MES-2,complete obliteration,no visible,no visible erosions,UCEIS-2,Low,Moderate,there is complete obliteration of the vascular pattern the mucosa demonstrates moderate erythema low friability and no visible erosions no visible bleeding is present these findings support a mes2
clhtsd7rq03jl0752dpdf9t6n,image_folder/image_clhtsd7rq03jl0752dpdf9t6n.jpg,MES-2,complete obliteration,no visible,no visible erosions,UCEIS-2,no visible,Moderate,there is complete obliteration of the vascular pattern the mucosa demonstrates moderate erythema no visible friability and no visible erosions no visible bleeding is present these findings support a mes2
clhttgiv809kx074t04v14xwl,image_folder/image_clhttgiv809kx074t04v14xwl.jpg,MES-2,complete obliteration,Mucosal,Erosions,UCEIS-4,Moderate,Marked,there is complete obliteration of the vascular pattern the mucosa demonstrates marked erythema moderate friability and erosions mucosal bleeding is present these findings support a mes2
cli19kgkd05se073i2r6s951r,image_folder/image_cli19kgkd05se073i2r6s951r.jpg,MES-1,Patchy obliteration,Luminal mild,superficial ulcers,UCEIS-5,Low,Moderate,there is patchy obliteration of the vascular pattern the mucosa demonstrates moderate erythema low friability and superficial ulcers luminal mild bleeding is present these findings support a mes1
clhskmefr01ws07x5hsh2h9j1,image_folder/image_clhskmefr01ws07x5hsh2h9j1.jpg,MES-2,complete obliteration,no visible,Erosions,UCEIS-3,Low,Marked,there is complete obliteration of the vascular pattern the mucosa demonstrates marked erythema low friability and erosions no visible bleeding is present these findings support a mes2
clhpskgcb00et07x5hd072u9v,image_folder/image_clhpskgcb00et07x5hd072u9v.jpg,MES-2,complete obliteration,no visible,Erosions,UCEIS-3,Moderate,Marked,there is complete obliteration of the vascular pattern the mucosa demonstrates marked erythema moderate friability and erosions no visible bleeding is present these findings support a mes2
clhtsbj1005y1071qhgy559n4,image_folder/image_clhtsbj1005y1071qhgy559n4.jpg,MES-3,complete obliteration,luminal severe,deep ulcers,UCEIS-8,Severe,Marked,there is complete obliteration of the vascular pattern the mucosa demonstrates marked erythema severe friability and deep ulcers luminal severe bleeding is present these findings support a mes3
cli19ak3z012f071se9wcbx9i,image_folder/image_cli19ak3z012f071se9wcbx9i.jpg,MES-2,complete obliteration,Luminal mild,superficial ulcers,UCEIS-6,Moderate,Marked,there is complete obliteration of the vascular pattern the mucosa demonstrates marked erythema moderate friability and superficial ulcers luminal mild bleeding is present these findings support a mes2
Image_179606,image_folder/Image_179606.png,MES-0,Normal,no visible,no visible erosions,UCEIS-0,no visible,no visible,normal vascular pattern normal mucosa no visible erosions and no visible bleeding these findings support a mes0
clhqt0rkn06si07wm3cuz62c0,image_folder/image_clhqt0rkn06si07wm3cuz62c0.jpg,MES-2,complete obliteration,no visible,no visible erosions,UCEIS-2,Moderate,Marked,there is complete obliteration of the vascular pattern the mucosa demonstrates marked erythema moderate friability and no visible erosions no visible bleeding is present these findings support a mes2
Image_2082061,image_folder/Image_2082061.png,MES-0,Normal,no visible,no visible erosions,UCEIS-0,no visible,no visible,normal vascular pattern normal mucosa no visible erosions and no visible bleeding these findings support a mes0
clhs5poju096c07yyaj67dgyl,image_folder/image_clhs5poju096c07yyaj67dgyl.jpg,MES-2,complete obliteration,no visible,Erosions,UCEIS-3,Moderate,Marked,there is complete obliteration of the vascular pattern the mucosa demonstrates marked erythema moderate friability and erosions no visible bleeding is present these findings support a mes2
clhqhgnkq0adb0714d716a8bu,image_folder/image_clhqhgnkq0adb0714d716a8bu.jpg,MES-3,complete obliteration,no visible,superficial ulcers,UCEIS-4,Moderate,Marked,there is complete obliteration of the vascular pattern the mucosa demonstrates marked erythema moderate friability and superficial ulcers no visible bleeding is present these findings support a mes3
clhzqoy1g00p007sd4c1s644p,image_folder/image_clhzqoy1g00p007sd4c1s644p.jpg,MES-2,complete obliteration,Mucosal,superficial ulcers,UCEIS-5,Moderate,Moderate,there is complete obliteration of the vascular pattern the mucosa demonstrates moderate erythema moderate friability and superficial ulcers mucosal bleeding is present these findings support a mes2
clhhyscmn00uy07z726k8ftwr,image_folder/image_clhhyscmn00uy07z726k8ftwr.jpg,MES-1,Patchy obliteration,no visible,no visible erosions,UCEIS-1,no visible,no visible,there is patchy obliteration of the vascular pattern the mucosa demonstrates no visible erythema no visible friability and no visible erosions no visible bleeding is present these findings support a mes1
clhz3awni021k072c4ap3en4j,image_folder/image_clhz3awni021k072c4ap3en4j.jpg,MES-2,complete obliteration,Mucosal,superficial ulcers,UCEIS-5,Moderate,Marked,there is complete obliteration of the vascular pattern the mucosa demonstrates marked erythema moderate friability and superficial ulcers mucosal bleeding is present these findings support a mes2
clhv92muy0h7j072aauwp2iwj,image_folder/image_clhv92muy0h7j072aauwp2iwj.jpg,MES-2,complete obliteration,no visible,Erosions,UCEIS-3,Moderate,Marked,there is complete obliteration of the vascular pattern the mucosa demonstrates marked erythema moderate friability and erosions no visible bleeding is present these findings support a mes2
clhtu1nmq3t3b0734dvythpls,image_folder/image_clhtu1nmq3t3b0734dvythpls.jpg,MES-2,complete obliteration,Luminal mild,superficial ulcers,UCEIS-6,Moderate,Marked,there is complete obliteration of the vascular pattern the mucosa demonstrates marked erythema moderate friability and superficial ulcers luminal mild bleeding is present these findings support a mes2
clhqinmud088f07zp5qge178w,image_folder/image_clhqinmud088f07zp5qge178w.jpg,MES-2,complete obliteration,no visible,no visible erosions,UCEIS-2,Low,Marked,there is complete obliteration of the vascular pattern the mucosa demonstrates marked erythema low friability and no visible erosions no visible bleeding is present these findings support a mes2
clhva1ujl03qm072p5ljb8r1s,image_folder/image_clhva1ujl03qm072p5ljb8r1s.jpg,MES-3,complete obliteration,Luminal mild,superficial ulcers,UCEIS-6,Moderate,Marked,there is complete obliteration of the vascular pattern the mucosa demonstrates marked erythema moderate friability and superficial ulcers luminal mild bleeding is present these findings support a mes3
clhskjr8200vk07082fxf5zet,image_folder/image_clhskjr8200vk07082fxf5zet.jpg,MES-3,complete obliteration,Mucosal,superficial ulcers,UCEIS-5,Severe,Marked,there is complete obliteration of the vascular pattern the mucosa demonstrates marked erythema severe friability and superficial ulcers mucosal bleeding is present these findings support a mes3
clhzqnztr02di07uhb5ex4ice,image_folder/image_clhzqnztr02di07uhb5ex4ice.jpg,MES-2,complete obliteration,Mucosal,superficial ulcers,UCEIS-5,Moderate,Marked,there is complete obliteration of the vascular pattern the mucosa demonstrates marked erythema moderate friability and superficial ulcers mucosal bleeding is present these findings support a mes2
cli0jivqj06co07um2xu794c2,image_folder/image_cli0jivqj06co07um2xu794c2.jpg,MES-2,complete obliteration,Luminal mild,superficial ulcers,UCEIS-6,Moderate,Marked,there is complete obliteration of the vascular pattern the mucosa demonstrates marked erythema moderate friability and superficial ulcers luminal mild bleeding is present these findings support a mes2
clhrzxct909ap07y1a5an5f0o,image_folder/image_clhrzxct909ap07y1a5an5f0o.jpg,MES-2,complete obliteration,Mucosal,Erosions,UCEIS-4,Low,Moderate,there is complete obliteration of the vascular pattern the mucosa demonstrates moderate erythema low friability and erosions mucosal bleeding is present these findings support a mes2
clhz30jex01v4072h9qdwavm0,image_folder/image_clhz30jex01v4072h9qdwavm0.jpg,MES-3,complete obliteration,Mucosal,Erosions,UCEIS-4,Severe,Marked,there is complete obliteration of the vascular pattern the mucosa demonstrates marked erythema severe friability and erosions mucosal bleeding is present these findings support a mes3
clhs5r1pz0s7207zh50un4phd,image_folder/image_clhs5r1pz0s7207zh50un4phd.jpg,MES-1,Patchy obliteration,no visible,no visible erosions,UCEIS-1,Low,Moderate,there is patchy obliteration of the vascular pattern the mucosa demonstrates moderate erythema low friability and no visible erosions no visible bleeding is present these findings support a mes1
clhi226bo036a07uqenizhnbt,image_folder/image_clhi226bo036a07uqenizhnbt.jpg,MES-0,Normal,no visible,no visible erosions,UCEIS-0,no visible,no visible,normal vascular pattern normal mucosa no visible erosions and no visible bleeding these findings support a mes0
clhv8iw6r0t5607055473hkk3,image_folder/image_clhv8iw6r0t5607055473hkk3.jpg,MES-2,complete obliteration,no visible,no visible erosions,UCEIS-2,Low,Moderate,there is complete obliteration of the vascular pattern the mucosa demonstrates moderate erythema low friability and no visible erosions no visible bleeding is present these findings support a mes2
clhv8mvdg0gjn071ienxia27c,image_folder/image_clhv8mvdg0gjn071ienxia27c.jpg,MES-1,complete obliteration,no visible,no visible erosions,UCEIS-2,Low,Moderate,there is complete obliteration of the vascular pattern the mucosa demonstrates moderate erythema low friability and no visible erosions no visible bleeding is present these findings support a mes1
cli0lj63d02t307xx9eojf9ed,image_folder/image_cli0lj63d02t307xx9eojf9ed.jpg,MES-2,complete obliteration,no visible,no visible erosions,UCEIS-2,Low,Marked,there is complete obliteration of the vascular pattern the mucosa demonstrates marked erythema low friability and no visible erosions no visible bleeding is present these findings support a mes2
cli0n3u6a00hi07201cgo91vy,image_folder/image_cli0n3u6a00hi07201cgo91vy.jpg,MES-2,complete obliteration,Mucosal,Erosions,UCEIS-4,Moderate,Marked,there is complete obliteration of the vascular pattern the mucosa demonstrates marked erythema moderate friability and erosions mucosal bleeding is present these findings support a mes2
clhzql27002w607xc67qafrq1,image_folder/image_clhzql27002w607xc67qafrq1.jpg,MES-2,complete obliteration,no visible,Erosions,UCEIS-3,Moderate,Marked,there is complete obliteration of the vascular pattern the mucosa demonstrates marked erythema moderate friability and erosions no visible bleeding is present these findings support a mes2
cli0o3ukt00vq07166qm8hih1,image_folder/image_cli0o3ukt00vq07166qm8hih1.jpg,MES-2,complete obliteration,no visible,Erosions,UCEIS-3,Moderate,Marked,there is complete obliteration of the vascular pattern the mucosa demonstrates marked erythema moderate friability and erosions no visible bleeding is present these findings support a mes2
clhi0s5q6026307y546115adg,image_folder/image_clhi0s5q6026307y546115adg.jpg,MES-1,Patchy obliteration,Mucosal,no visible erosions,UCEIS-2,Low,no visible,there is patchy obliteration of the vascular pattern the mucosa demonstrates no visible erythema low friability and no visible erosions mucosal bleeding is present these findings support a mes1
clhv8so45001i07xu5dtqd0g3,image_folder/image_clhv8so45001i07xu5dtqd0g3.jpg,MES-2,complete obliteration,Mucosal,superficial ulcers,UCEIS-5,Moderate,Marked,there is complete obliteration of the vascular pattern the mucosa demonstrates marked erythema moderate friability and superficial ulcers mucosal bleeding is present these findings support a mes2
Image_18252,image_folder/Image_18252.png,MES-0,Normal,no visible,no visible erosions,UCEIS-0,no visible,no visible,normal vascular pattern normal mucosa no visible erosions and no visible bleeding these findings support a mes0
clhz330io0ccl072cc5qfhk06,image_folder/image_clhz330io0ccl072cc5qfhk06.jpg,MES-2,complete obliteration,no visible,Erosions,UCEIS-3,Low,Marked,there is complete obliteration of the vascular pattern the mucosa demonstrates marked erythema low friability and erosions no visible bleeding is present these findings support a mes2
clhqid4e1011s07yobb939714,image_folder/image_clhqid4e1011s07yobb939714.jpg,MES-2,complete obliteration,no visible,Erosions,UCEIS-3,Severe,Marked,there is complete obliteration of the vascular pattern the mucosa demonstrates marked erythema severe friability and erosions no visible bleeding is present these findings support a mes2
clhzejz8c0ky50713f2nicl9q,image_folder/image_clhzejz8c0ky50713f2nicl9q.jpg,MES-1,Patchy obliteration,no visible,no visible erosions,UCEIS-1,no visible,no visible,there is patchy obliteration of the vascular pattern the mucosa demonstrates no visible erythema no visible friability and no visible erosions no visible bleeding is present these findings support a mes1
clhske6j6016g07zd2swu19iz,image_folder/image_clhske6j6016g07zd2swu19iz.jpg,MES-2,complete obliteration,no visible,Erosions,UCEIS-3,Moderate,Marked,there is complete obliteration of the vascular pattern the mucosa demonstrates marked erythema moderate friability and erosions no visible bleeding is present these findings support a mes2
Image_412771,image_folder/Image_412771.png,MES-0,Normal,no visible,no visible erosions,UCEIS-0,no visible,no visible,normal vascular pattern normal mucosa no visible erosions and no visible bleeding these findings support a mes0
clhzq4iiv01jv07vj78ou4dq8,image_folder/image_clhzq4iiv01jv07vj78ou4dq8.jpg,MES-2,complete obliteration,Mucosal,Erosions,UCEIS-4,Moderate,Marked,there is complete obliteration of the vascular pattern the mucosa demonstrates marked erythema moderate friability and erosions mucosal bleeding is present these findings support a mes2
cli0zh4vh03ok07yf3kvs7rcj,image_folder/image_cli0zh4vh03ok07yf3kvs7rcj.jpg,MES-2,complete obliteration,Mucosal,Erosions,UCEIS-4,Moderate,Marked,there is complete obliteration of the vascular pattern the mucosa demonstrates marked erythema moderate friability and erosions mucosal bleeding is present these findings support a mes2
clhqhinl500pi07ydddw89yv0,image_folder/image_clhqhinl500pi07ydddw89yv0.jpg,MES-2,complete obliteration,no visible,Erosions,UCEIS-3,Moderate,Marked,there is complete obliteration of the vascular pattern the mucosa demonstrates marked erythema moderate friability and erosions no visible bleeding is present these findings support a mes2
clhtu3cpe09xy070gdrs1db4l,image_folder/image_clhtu3cpe09xy070gdrs1db4l.jpg,MES-2,complete obliteration,no visible,Erosions,UCEIS-3,Moderate,Moderate,there is complete obliteration of the vascular pattern the mucosa demonstrates moderate erythema moderate friability and erosions no visible bleeding is present these findings support a mes2
clhz4rn5r01s2072491po2kiq,image_folder/image_clhz4rn5r01s2072491po2kiq.jpg,MES-2,complete obliteration,no visible,Erosions,UCEIS-3,Low,Moderate,there is complete obliteration of the vascular pattern the mucosa demonstrates moderate erythema low friability and erosions no visible bleeding is present these findings support a mes2
clhtrvknf09350754e36refrd,image_folder/image_clhtrvknf09350754e36refrd.jpg,MES-2,complete obliteration,Mucosal,Erosions,UCEIS-4,Moderate,Marked,there is complete obliteration of the vascular pattern the mucosa demonstrates marked erythema moderate friability and erosions mucosal bleeding is present these findings support a mes2
cli19mtoo01yg0720glqr5eiw,image_folder/image_cli19mtoo01yg0720glqr5eiw.jpg,MES-2,complete obliteration,Mucosal,Erosions,UCEIS-4,Low,Moderate,there is complete obliteration of the vascular pattern the mucosa demonstrates moderate erythema low friability and erosions mucosal bleeding is present these findings support a mes2
clhsm4sf1017f07z94zj4f7xk,image_folder/image_clhsm4sf1017f07z94zj4f7xk.jpg,MES-1,Patchy obliteration,no visible,no visible erosions,UCEIS-1,Low,Moderate,there is patchy obliteration of the vascular pattern the mucosa demonstrates moderate erythema low friability and no visible erosions no visible bleeding is present these findings support a mes1
cli18i0lw013607288lepa496,image_folder/image_cli18i0lw013607288lepa496.jpg,MES-2,complete obliteration,Luminal mild,superficial ulcers,UCEIS-6,Moderate,Marked,there is complete obliteration of the vascular pattern the mucosa demonstrates marked erythema moderate friability and superficial ulcers luminal mild bleeding is present these findings support a mes2
cli19y4zi02me07xa9tix5ws3,image_folder/image_cli19y4zi02me07xa9tix5ws3.jpg,MES-1,Patchy obliteration,no visible,no visible erosions,UCEIS-1,Low,Moderate,there is patchy obliteration of the vascular pattern the mucosa demonstrates moderate erythema low friability and no visible erosions no visible bleeding is present these findings support a mes1
Image_7485351,image_folder/Image_7485351.png,MES-0,Normal,no visible,no visible erosions,UCEIS-0,no visible,no visible,normal vascular pattern normal mucosa no visible erosions and no visible bleeding these findings support a mes0
clhzguavj06fd07tr71j75bwu,image_folder/image_clhzguavj06fd07tr71j75bwu.jpg,MES-2,complete obliteration,Mucosal,superficial ulcers,UCEIS-5,Moderate,Marked,there is complete obliteration of the vascular pattern the mucosa demonstrates marked erythema moderate friability and superficial ulcers mucosal bleeding is present these findings support a mes2
cli0yxs7j002q070l8hg8bndk,image_folder/image_cli0yxs7j002q070l8hg8bndk.jpg,MES-2,complete obliteration,Mucosal,Erosions,UCEIS-4,Moderate,Marked,there is complete obliteration of the vascular pattern the mucosa demonstrates marked erythema moderate friability and erosions mucosal bleeding is present these findings support a mes2
clhtral5x3o4r0734gfps6nuf,image_folder/image_clhtral5x3o4r0734gfps6nuf.jpg,MES-2,complete obliteration,no visible,Erosions,UCEIS-3,Low,Moderate,there is complete obliteration of the vascular pattern the mucosa demonstrates moderate erythema low friability and erosions no visible bleeding is present these findings support a mes2
Image_350318,image_folder/Image_350318.png,MES-0,Normal,no visible,no visible erosions,UCEIS-0,no visible,no visible,normal vascular pattern normal mucosa no visible erosions and no visible bleeding these findings support a mes0
cli0zkjgu04p2070mhn9618o5,image_folder/image_cli0zkjgu04p2070mhn9618o5.jpg,MES-2,complete obliteration,no visible,no visible erosions,UCEIS-2,Low,Moderate,there is complete obliteration of the vascular pattern the mucosa demonstrates moderate erythema low friability and no visible erosions no visible bleeding is present these findings support a mes2
clhqt4f4n0kli071jdjd226f8,image_folder/image_clhqt4f4n0kli071jdjd226f8.jpg,MES-2,complete obliteration,no visible,Erosions,UCEIS-3,Moderate,Marked,there is complete obliteration of the vascular pattern the mucosa demonstrates marked erythema moderate friability and erosions no visible bleeding is present these findings support a mes2
clhi3hlbh0b3207wce079hnza,image_folder/image_clhi3hlbh0b3207wce079hnza.jpg,MES-1,Patchy obliteration,no visible,no visible erosions,UCEIS-1,no visible,no visible,there is patchy obliteration of the vascular pattern the mucosa demonstrates no visible erythema no visible friability and no visible erosions no visible bleeding is present these findings support a mes1
cli0iilth0kbi07uge4ss83ln,image_folder/image_cli0iilth0kbi07uge4ss83ln.jpg,MES-2,complete obliteration,Luminal mild,superficial ulcers,UCEIS-6,Moderate,Marked,there is complete obliteration of the vascular pattern the mucosa demonstrates marked erythema moderate friability and superficial ulcers luminal mild bleeding is present these findings support a mes2
clhqq741w02s1071z7j686r6g,image_folder/image_clhqq741w02s1071z7j686r6g.jpg,MES-0,Normal,no visible,no visible erosions,UCEIS-0,no visible,no visible,normal vascular pattern normal mucosa no visible erosions and no visible bleeding these findings support a mes0
clhtrpug502r407364zo98wck,image_folder/image_clhtrpug502r407364zo98wck.jpg,MES-1,Patchy obliteration,Luminal mild,superficial ulcers,UCEIS-5,Low,Moderate,there is patchy obliteration of the vascular pattern the mucosa demonstrates moderate erythema low friability and superficial ulcers luminal mild bleeding is present these findings support a mes1
Image_7480503,image_folder/Image_7480503.png,MES-0,Normal,no visible,no visible erosions,UCEIS-0,no visible,no visible,normal vascular pattern normal mucosa no visible erosions and no visible bleeding these findings support a mes0
clhpn70ik035w07xxdcepgczr,image_folder/image_clhpn70ik035w07xxdcepgczr.jpg,MES-2,complete obliteration,no visible,no visible erosions,UCEIS-2,Moderate,Moderate,there is complete obliteration of the vascular pattern the mucosa demonstrates moderate erythema moderate friability and no visible erosions no visible bleeding is present these findings support a mes2
cli0yuuyx0ppw07yufyx6ejow,image_folder/image_cli0yuuyx0ppw07yufyx6ejow.jpg,MES-2,complete obliteration,Mucosal,Erosions,UCEIS-4,Moderate,Marked,there is complete obliteration of the vascular pattern the mucosa demonstrates marked erythema moderate friability and erosions mucosal bleeding is present these findings support a mes2
clhtuy3bl09iz070i9hzvfg9z,image_folder/image_clhtuy3bl09iz070i9hzvfg9z.jpg,MES-2,complete obliteration,no visible,Erosions,UCEIS-3,Low,Marked,there is complete obliteration of the vascular pattern the mucosa demonstrates marked erythema low friability and erosions no visible bleeding is present these findings support a mes2
clhv8o0fk001a071x352f0oat,image_folder/image_clhv8o0fk001a071x352f0oat.jpg,MES-2,complete obliteration,Luminal mild,superficial ulcers,UCEIS-6,Moderate,Moderate,there is complete obliteration of the vascular pattern the mucosa demonstrates moderate erythema moderate friability and superficial ulcers luminal mild bleeding is present these findings support a mes2
clhzf5c670brw07070mfrce3b,image_folder/image_clhzf5c670brw07070mfrce3b.jpg,MES-0,Normal,no visible,no visible erosions,UCEIS-0,no visible,no visible,normal vascular pattern normal mucosa no visible erosions and no visible bleeding these findings support a mes0
clhz4zo8x039p07239ew97k93,image_folder/image_clhz4zo8x039p07239ew97k93.jpg,MES-2,Patchy obliteration,no visible,Erosions,UCEIS-2,Moderate,Marked,there is patchy obliteration of the vascular pattern the mucosa demonstrates marked erythema moderate friability and erosions no visible bleeding is present these findings support a mes2
clhs59umb07w907xt3v4p4g4g,image_folder/image_clhs59umb07w907xt3v4p4g4g.jpg,MES-1,Patchy obliteration,no visible,no visible erosions,UCEIS-1,Low,Moderate,there is patchy obliteration of the vascular pattern the mucosa demonstrates moderate erythema low friability and no visible erosions no visible bleeding is present these findings support a mes1
clhtsdxa805t3070i9fjm2wq3,image_folder/image_clhtsdxa805t3070i9fjm2wq3.jpg,MES-1,complete obliteration,no visible,no visible erosions,UCEIS-2,no visible,no visible,there is complete obliteration of the vascular pattern the mucosa demonstrates no visible erythema no visible friability and no visible erosions no visible bleeding is present these findings support a mes1
clhs57dhn0b2p07yc62408bg9,image_folder/image_clhs57dhn0b2p07yc62408bg9.jpg,MES-2,complete obliteration,no visible,Erosions,UCEIS-3,Low,Marked,there is complete obliteration of the vascular pattern the mucosa demonstrates marked erythema low friability and erosions no visible bleeding is present these findings support a mes2
Image_48041,image_folder/Image_48041.png,MES-0,Normal,no visible,no visible erosions,UCEIS-0,no visible,no visible,normal vascular pattern normal mucosa no visible erosions and no visible bleeding these findings support a mes0
clhqkvacj0d3x07z484pl2i8h,image_folder/image_clhqkvacj0d3x07z484pl2i8h.jpg,MES-2,complete obliteration,Mucosal,superficial ulcers,UCEIS-5,Moderate,Marked,there is complete obliteration of the vascular pattern the mucosa demonstrates marked erythema moderate friability and superficial ulcers mucosal bleeding is present these findings support a mes2
cli139nwk00rk07yyfpq7cseu,image_folder/image_cli139nwk00rk07yyfpq7cseu.jpg,MES-1,Patchy obliteration,no visible,no visible erosions,UCEIS-1,Low,Moderate,there is patchy obliteration of the vascular pattern the mucosa demonstrates moderate erythema low friability and no visible erosions no visible bleeding is present these findings support a mes1
Image_2140234,image_folder/Image_2140234.png,MES-0,Normal,no visible,no visible erosions,UCEIS-0,no visible,no visible,normal vascular pattern normal mucosa no visible erosions and no visible bleeding these findings support a mes0
clhi2o6nb04gq07y52xzxf82d,image_folder/image_clhi2o6nb04gq07y52xzxf82d.jpg,MES-1,Patchy obliteration,Mucosal,Erosions,UCEIS-2,Low,Moderate,there is patchy obliteration of the vascular pattern the mucosa demonstrates moderate erythema low friability and erosions mucosal bleeding is present these findings support a mes1
Image_2084352,image_folder/Image_2084352.png,MES-0,Normal,no visible,no visible erosions,UCEIS-0,no visible,no visible,normal vascular pattern normal mucosa no visible erosions and no visible bleeding these findings support a mes0
cli0mxvoc00bc072173zx7zf1,image_folder/image_cli0mxvoc00bc072173zx7zf1.jpg,MES-2,complete obliteration,no visible,no visible erosions,UCEIS-2,Moderate,Marked,there is complete obliteration of the vascular pattern the mucosa demonstrates marked erythema moderate friability and no visible erosions no visible bleeding is present these findings support a mes2
Image_104755,image_folder/Image_104755.png,MES-0,Normal,no visible,no visible erosions,UCEIS-0,no visible,no visible,normal vascular pattern normal mucosa no visible erosions and no visible bleeding these findings support a mes0
clhs04b6w018z07ws01t6ecku,image_folder/image_clhs04b6w018z07ws01t6ecku.jpg,MES-1,Patchy obliteration,Mucosal,Erosions,UCEIS-3,Low,Moderate,there is patchy obliteration of the vascular pattern the mucosa demonstrates moderate erythema low friability and erosions mucosal bleeding is present these findings support a mes1
clhqh5gxr00tj07zxauubb041,image_folder/image_clhqh5gxr00tj07zxauubb041.jpg,MES-3,complete obliteration,Luminal mild,superficial ulcers,UCEIS-6,Moderate,Marked,there is complete obliteration of the vascular pattern the mucosa demonstrates marked erythema moderate friability and superficial ulcers luminal mild bleeding is present these findings support a mes3
Image_91796,image_folder/Image_91796.png,MES-0,Normal,no visible,no visible erosions,UCEIS-0,no visible,no visible,normal vascular pattern normal mucosa no visible erosions and no visible bleeding these findings support a mes0
cli0znx7q04t4070m30cf3nrn,image_folder/image_cli0znx7q04t4070m30cf3nrn.jpg,MES-1,Patchy obliteration,no visible,no visible erosions,UCEIS-1,Low,Marked,there is patchy obliteration of the vascular pattern the mucosa demonstrates marked erythema low friability and no visible erosions no visible bleeding is present these findings support a mes1
clhtrk3gn02kg0736gjneci79,image_folder/image_clhtrk3gn02kg0736gjneci79.jpg,MES-2,complete obliteration,Luminal mild,Erosions,UCEIS-5,Low,Moderate,there is complete obliteration of the vascular pattern the mucosa demonstrates moderate erythema low friability and erosions luminal mild bleeding is present these findings support a mes2
cli0z7lzm0smn07zc1wgedd6t,image_folder/image_cli0z7lzm0smn07zc1wgedd6t.jpg,MES-2,complete obliteration,no visible,no visible erosions,UCEIS-2,Low,Marked,there is complete obliteration of the vascular pattern the mucosa demonstrates marked erythema low friability and no visible erosions no visible bleeding is present these findings support a mes2
clhz39rra0ek207z5848r37oh,image_folder/image_clhz39rra0ek207z5848r37oh.jpg,MES-1,Patchy obliteration,no visible,no visible erosions,UCEIS-1,Low,Moderate,there is patchy obliteration of the vascular pattern the mucosa demonstrates moderate erythema low friability and no visible erosions no visible bleeding is present these findings support a mes1
clhqt6otg0dd807xfedgx52k4,image_folder/image_clhqt6otg0dd807xfedgx52k4.jpg,MES-3,complete obliteration,luminal severe,deep ulcers,UCEIS-8,Severe,Marked,there is complete obliteration of the vascular pattern the mucosa demonstrates marked erythema severe friability and deep ulcers luminal severe bleeding is present these findings support a mes3
clhtrtr2427oq07377ogl62pr,image_folder/image_clhtrtr2427oq07377ogl62pr.jpg,MES-2,complete obliteration,Mucosal,superficial ulcers,UCEIS-5,Moderate,Moderate,there is complete obliteration of the vascular pattern the mucosa demonstrates moderate erythema moderate friability and superficial ulcers mucosal bleeding is present these findings support a mes2
clhtsfn1c03tu071r6zkaavl3,image_folder/image_clhtsfn1c03tu071r6zkaavl3.jpg,MES-2,complete obliteration,no visible,Erosions,UCEIS-3,Low,Moderate,there is complete obliteration of the vascular pattern the mucosa demonstrates moderate erythema low friability and erosions no visible bleeding is present these findings support a mes2
clhs0k8zv00zj071n2q7530dn,image_folder/image_clhs0k8zv00zj071n2q7530dn.jpg,MES-2,complete obliteration,Mucosal,superficial ulcers,UCEIS-5,Moderate,Marked,there is complete obliteration of the vascular pattern the mucosa demonstrates marked erythema moderate friability and superficial ulcers mucosal bleeding is present these findings support a mes2
cli0jq5ca000d07w68zmkck35,image_folder/image_cli0jq5ca000d07w68zmkck35.jpg,MES-1,Patchy obliteration,no visible,no visible erosions,UCEIS-1,Low,Moderate,there is patchy obliteration of the vascular pattern the mucosa demonstrates moderate erythema low friability and no visible erosions no visible bleeding is present these findings support a mes1
clhzf21ah01e6072ihmw6agh0,image_folder/image_clhzf21ah01e6072ihmw6agh0.jpg,MES-2,complete obliteration,no visible,no visible erosions,UCEIS-2,Moderate,Marked,there is complete obliteration of the vascular pattern the mucosa demonstrates marked erythema moderate friability and no visible erosions no visible bleeding is present these findings support a mes2
clhprf8ck02vd07x2acq6gyst,image_folder/image_clhprf8ck02vd07x2acq6gyst.jpg,MES-2,complete obliteration,Mucosal,superficial ulcers,UCEIS-3,Moderate,Moderate,there is complete obliteration of the vascular pattern the mucosa demonstrates moderate erythema moderate friability and superficial ulcers mucosal bleeding is present these findings support a mes2
clhqkx9u50ivk07zo8o5zervh,image_folder/image_clhqkx9u50ivk07zo8o5zervh.jpg,MES-2,complete obliteration,no visible,Erosions,UCEIS-3,Moderate,Moderate,there is complete obliteration of the vascular pattern the mucosa demonstrates moderate erythema moderate friability and erosions no visible bleeding is present these findings support a mes2
cli0yyp970rrj073b5vx46ki3,image_folder/image_cli0yyp970rrj073b5vx46ki3.jpg,MES-2,complete obliteration,Mucosal,Erosions,UCEIS-4,Moderate,Marked,there is complete obliteration of the vascular pattern the mucosa demonstrates marked erythema moderate friability and erosions mucosal bleeding is present these findings support a mes2
clhtq0ktw00ne073edxp77d47,image_folder/image_clhtq0ktw00ne073edxp77d47.jpg,MES-2,complete obliteration,no visible,Erosions,UCEIS-3,Moderate,Marked,there is complete obliteration of the vascular pattern the mucosa demonstrates marked erythema moderate friability and erosions no visible bleeding is present these findings support a mes2
clhv8qx8t0qfz070oe4jx04wl,image_folder/image_clhv8qx8t0qfz070oe4jx04wl.jpg,MES-2,complete obliteration,Luminal mild,superficial ulcers,UCEIS-6,Moderate,Marked,there is complete obliteration of the vascular pattern the mucosa demonstrates marked erythema moderate friability and superficial ulcers luminal mild bleeding is present these findings support a mes2
clhtqubi501lx071r8st53g0f,image_folder/image_clhtqubi501lx071r8st53g0f.jpg,MES-2,complete obliteration,Mucosal,superficial ulcers,UCEIS-5,Moderate,Marked,there is complete obliteration of the vascular pattern the mucosa demonstrates marked erythema moderate friability and superficial ulcers mucosal bleeding is present these findings support a mes2
clhv8q095001r071xdh9o49ew,image_folder/image_clhv8q095001r071xdh9o49ew.jpg,MES-2,complete obliteration,no visible,Erosions,UCEIS-3,Low,Moderate,there is complete obliteration of the vascular pattern the mucosa demonstrates moderate erythema low friability and erosions no visible bleeding is present these findings support a mes2
Image_7458004,image_folder/Image_7458004.png,MES-0,Normal,no visible,no visible erosions,UCEIS-0,no visible,no visible,normal vascular pattern normal mucosa no visible erosions and no visible bleeding these findings support a mes0
clhtt55ma05u5073j8ttze5fg,image_folder/image_clhtt55ma05u5073j8ttze5fg.jpg,MES-2,complete obliteration,no visible,Erosions,UCEIS-3,Low,Moderate,there is complete obliteration of the vascular pattern the mucosa demonstrates moderate erythema low friability and erosions no visible bleeding is present these findings support a mes2
cli19g5zy029s0745e241h62d,image_folder/image_cli19g5zy029s0745e241h62d.jpg,MES-2,complete obliteration,Luminal mild,superficial ulcers,UCEIS-6,Moderate,Moderate,there is complete obliteration of the vascular pattern the mucosa demonstrates moderate erythema moderate friability and superficial ulcers luminal mild bleeding is present these findings support a mes2
clhprt0rt023z07xt8fe5b39g,image_folder/image_clhprt0rt023z07xt8fe5b39g.jpg,MES-2,complete obliteration,no visible,Erosions,UCEIS-3,Low,Marked,there is complete obliteration of the vascular pattern the mucosa demonstrates marked erythema low friability and erosions no visible bleeding is present these findings support a mes2
cli0zlyug03yz072x2bf8an2l,image_folder/image_cli0zlyug03yz072x2bf8an2l.jpg,MES-3,complete obliteration,Luminal mild,deep ulcers,UCEIS-7,Moderate,Marked,there is complete obliteration of the vascular pattern the mucosa demonstrates marked erythema moderate friability and deep ulcers luminal mild bleeding is present these findings support a mes3
clhzftfy5002n07w0bdd86idw,image_folder/image_clhzftfy5002n07w0bdd86idw.jpg,MES-2,complete obliteration,Mucosal,superficial ulcers,UCEIS-5,Moderate,Marked,there is complete obliteration of the vascular pattern the mucosa demonstrates marked erythema moderate friability and superficial ulcers mucosal bleeding is present these findings support a mes2
clhzq8u4e004b07wb6t5rdwf9,image_folder/image_clhzq8u4e004b07wb6t5rdwf9.jpg,MES-2,complete obliteration,no visible,no visible erosions,UCEIS-2,Low,Moderate,there is complete obliteration of the vascular pattern the mucosa demonstrates moderate erythema low friability and no visible erosions no visible bleeding is present these findings support a mes2
clhzf0c1z0ho8074la5cu6t2d,image_folder/image_clhzf0c1z0ho8074la5cu6t2d.jpg,MES-2,complete obliteration,no visible,Erosions,UCEIS-3,Low,Moderate,there is complete obliteration of the vascular pattern the mucosa demonstrates moderate erythema low friability and erosions no visible bleeding is present these findings support a mes2
cli0z967e03xb070d9b8j0utt,image_folder/image_cli0z967e03xb070d9b8j0utt.jpg,MES-2,complete obliteration,no visible,no visible erosions,UCEIS-2,Low,Moderate,there is complete obliteration of the vascular pattern the mucosa demonstrates moderate erythema low friability and no visible erosions no visible bleeding is present these findings support a mes2
clhpsrcf702j507xs1vtv6rp7,image_folder/image_clhpsrcf702j507xs1vtv6rp7.jpg,MES-2,complete obliteration,no visible,superficial ulcers,UCEIS-4,Moderate,Marked,there is complete obliteration of the vascular pattern the mucosa demonstrates marked erythema moderate friability and superficial ulcers no visible bleeding is present these findings support a mes2
clhskgpy5018o07zd7u03dvw6,image_folder/image_clhskgpy5018o07zd7u03dvw6.jpg,MES-2,complete obliteration,no visible,Erosions,UCEIS-3,Low,Marked,there is complete obliteration of the vascular pattern the mucosa demonstrates marked erythema low friability and erosions no visible bleeding is present these findings support a mes2
clhqq4h3x02hx07zhgaqrg9a8,image_folder/image_clhqq4h3x02hx07zhgaqrg9a8.jpg,MES-2,complete obliteration,no visible,no visible erosions,UCEIS-2,Low,Moderate,there is complete obliteration of the vascular pattern the mucosa demonstrates moderate erythema low friability and no visible erosions no visible bleeding is present these findings support a mes2
clhs2oq9v0kaw07zh23yd17jp,image_folder/image_clhs2oq9v0kaw07zh23yd17jp.jpg,MES-2,complete obliteration,Mucosal,superficial ulcers,UCEIS-5,Moderate,Marked,there is complete obliteration of the vascular pattern the mucosa demonstrates marked erythema moderate friability and superficial ulcers mucosal bleeding is present these findings support a mes2
clhtv3f6y00j50736f1hy6n1m,image_folder/image_clhtv3f6y00j50736f1hy6n1m.jpg,MES-1,Patchy obliteration,no visible,no visible erosions,UCEIS-1,Low,Moderate,there is patchy obliteration of the vascular pattern the mucosa demonstrates moderate erythema low friability and no visible erosions no visible bleeding is present these findings support a mes1
clhp6nllf0bga07xl8o76blt4,image_folder/image_clhp6nllf0bga07xl8o76blt4.jpg,MES-2,complete obliteration,no visible,no visible erosions,UCEIS-2,Low,Moderate,there is complete obliteration of the vascular pattern the mucosa demonstrates moderate erythema low friability and no visible erosions no visible bleeding is present these findings support a mes2
clhqtfm6d0lg1071j482la670,image_folder/image_clhqtfm6d0lg1071j482la670.jpg,MES-2,complete obliteration,no visible,Erosions,UCEIS-3,Moderate,Marked,there is complete obliteration of the vascular pattern the mucosa demonstrates marked erythema moderate friability and erosions no visible bleeding is present these findings support a mes2
cli0o6u2v02ie071x706k7iul,image_folder/image_cli0o6u2v02ie071x706k7iul.jpg,MES-2,complete obliteration,no visible,Erosions,UCEIS-3,Low,Moderate,there is complete obliteration of the vascular pattern the mucosa demonstrates moderate erythema low friability and erosions no visible bleeding is present these findings support a mes2
cli19de0601bh07xq9bphhssp,image_folder/image_cli19de0601bh07xq9bphhssp.jpg,MES-2,complete obliteration,Mucosal,Erosions,UCEIS-4,Low,Marked,there is complete obliteration of the vascular pattern the mucosa demonstrates marked erythema low friability and erosions mucosal bleeding is present these findings support a mes2
Image_164988,image_folder/Image_164988.png,MES-0,Normal,no visible,no visible erosions,UCEIS-0,no visible,no visible,normal vascular pattern normal mucosa no visible erosions and no visible bleeding these findings support a mes0
Image_7445085,image_folder/Image_7445085.png,MES-0,Normal,no visible,no visible erosions,UCEIS-0,no visible,no visible,normal vascular pattern normal mucosa no visible erosions and no visible bleeding these findings support a mes0
clhpndo6u0csj07tgfvwe8bhm,image_folder/image_clhpndo6u0csj07tgfvwe8bhm.jpg,MES-2,complete obliteration,no visible,no visible erosions,UCEIS-2,Low,Moderate,there is complete obliteration of the vascular pattern the mucosa demonstrates moderate erythema low friability and no visible erosions no visible bleeding is present these findings support a mes2
clhqgy54p01ij07083doqalh6,image_folder/image_clhqgy54p01ij07083doqalh6.jpg,MES-3,complete obliteration,luminal severe,deep ulcers,UCEIS-8,Severe,Marked,there is complete obliteration of the vascular pattern the mucosa demonstrates marked erythema severe friability and deep ulcers luminal severe bleeding is present these findings support a mes3
clhzqj5b8034e07unft5xecu6,image_folder/image_clhzqj5b8034e07unft5xecu6.jpg,MES-3,complete obliteration,luminal severe,deep ulcers,UCEIS-8,Severe,Marked,there is complete obliteration of the vascular pattern the mucosa demonstrates marked erythema severe friability and deep ulcers luminal severe bleeding is present these findings support a mes3
cli1vin3k00hc072ndzdt5z3i,image_folder/image_cli1vin3k00hc072ndzdt5z3i.jpg,MES-2,complete obliteration,Mucosal,Erosions,UCEIS-4,Moderate,Marked,there is complete obliteration of the vascular pattern the mucosa demonstrates marked erythema moderate friability and erosions mucosal bleeding is present these findings support a mes2
clhtv17qu0aw5070gg1ogb82j,image_folder/image_clhtv17qu0aw5070gg1ogb82j.jpg,MES-2,Patchy obliteration,no visible,Erosions,UCEIS-2,Low,Moderate,there is patchy obliteration of the vascular pattern the mucosa demonstrates moderate erythema low friability and erosions no visible bleeding is present these findings support a mes2
clhp0rvcv031p07w83smsfoq6,image_folder/image_clhp0rvcv031p07w83smsfoq6.jpg,MES-2,complete obliteration,no visible,no visible erosions,UCEIS-2,Low,Moderate,there is complete obliteration of the vascular pattern the mucosa demonstrates moderate erythema low friability and no visible erosions no visible bleeding is present these findings support a mes2
clhzgfrap051c07st7ncd6rww,image_folder/image_clhzgfrap051c07st7ncd6rww.jpg,MES-1,Patchy obliteration,no visible,no visible erosions,UCEIS-1,Low,Moderate,there is patchy obliteration of the vascular pattern the mucosa demonstrates moderate erythema low friability and no visible erosions no visible bleeding is present these findings support a mes1
clhz54d8605t60740ar2dgddk,image_folder/image_clhz54d8605t60740ar2dgddk.jpg,MES-2,complete obliteration,Luminal mild,superficial ulcers,UCEIS-6,Moderate,Marked,there is complete obliteration of the vascular pattern the mucosa demonstrates marked erythema moderate friability and superficial ulcers luminal mild bleeding is present these findings support a mes2
clhtt8qtu05o50736bvt2755e,image_folder/image_clhtt8qtu05o50736bvt2755e.jpg,MES-2,complete obliteration,Luminal mild,superficial ulcers,UCEIS-6,Moderate,Marked,there is complete obliteration of the vascular pattern the mucosa demonstrates marked erythema moderate friability and superficial ulcers luminal mild bleeding is present these findings support a mes2
clhz4yxl2042o074hd2j556zq,image_folder/image_clhz4yxl2042o074hd2j556zq.jpg,MES-2,complete obliteration,Mucosal,Erosions,UCEIS-4,Moderate,Marked,there is complete obliteration of the vascular pattern the mucosa demonstrates marked erythema moderate friability and erosions mucosal bleeding is present these findings support a mes2
clhzq9lqg03er07ul0um43but,image_folder/image_clhzq9lqg03er07ul0um43but.jpg,MES-2,complete obliteration,no visible,Erosions,UCEIS-3,Low,Moderate,there is complete obliteration of the vascular pattern the mucosa demonstrates moderate erythema low friability and erosions no visible bleeding is present these findings support a mes2
cli137xe701qr070yanhv0ovu,image_folder/image_cli137xe701qr070yanhv0ovu.jpg,MES-3,complete obliteration,luminal severe,deep ulcers,UCEIS-8,Severe,Marked,there is complete obliteration of the vascular pattern the mucosa demonstrates marked erythema severe friability and deep ulcers luminal severe bleeding is present these findings support a mes3
Image_2070998,image_folder/Image_2070998.png,MES-0,Normal,no visible,no visible erosions,UCEIS-0,no visible,no visible,normal vascular pattern normal mucosa no visible erosions and no visible bleeding these findings support a mes0
clhqkrszp0g1w07157j2e5ru2,image_folder/image_clhqkrszp0g1w07157j2e5ru2.jpg,MES-2,complete obliteration,no visible,no visible erosions,UCEIS-2,Moderate,Moderate,there is complete obliteration of the vascular pattern the mucosa demonstrates moderate erythema moderate friability and no visible erosions no visible bleeding is present these findings support a mes2
cli0krswq00yv07xu7uc0byqe,image_folder/image_cli0krswq00yv07xu7uc0byqe.jpg,MES-2,complete obliteration,no visible,Erosions,UCEIS-3,Moderate,Marked,there is complete obliteration of the vascular pattern the mucosa demonstrates marked erythema moderate friability and erosions no visible bleeding is present these findings support a mes2
clhtuu20t3tx10734fj5mew1h,image_folder/image_clhtuu20t3tx10734fj5mew1h.jpg,MES-2,complete obliteration,Mucosal,superficial ulcers,UCEIS-6,Moderate,Marked,there is complete obliteration of the vascular pattern the mucosa demonstrates marked erythema moderate friability and superficial ulcers mucosal bleeding is present these findings support a mes2
clhi3w0rb06pv07vzh73eh8k7,image_folder/image_clhi3w0rb06pv07vzh73eh8k7.jpg,MES-1,Patchy obliteration,no visible,Erosions,UCEIS-2,Low,Moderate,there is patchy obliteration of the vascular pattern the mucosa demonstrates moderate erythema low friability and erosions no visible bleeding is present these findings support a mes1
Image_426485,image_folder/Image_426485.png,MES-0,Normal,no visible,no visible erosions,UCEIS-0,no visible,no visible,normal vascular pattern normal mucosa no visible erosions and no visible bleeding these findings support a mes0
clhskpu3d00bm07xjfstmdmmv,image_folder/image_clhskpu3d00bm07xjfstmdmmv.jpg,MES-1,Patchy obliteration,no visible,Erosions,UCEIS-2,Low,Moderate,there is patchy obliteration of the vascular pattern the mucosa demonstrates moderate erythema low friability and erosions no visible bleeding is present these findings support a mes1
clhqheo1w04d307yq39ge089p,image_folder/image_clhqheo1w04d307yq39ge089p.jpg,MES-2,complete obliteration,no visible,no visible erosions,UCEIS-2,Low,Moderate,there is complete obliteration of the vascular pattern the mucosa demonstrates moderate erythema low friability and no visible erosions no visible bleeding is present these findings support a mes2
cli138fhx0b03070ddz2ufyyx,image_folder/image_cli138fhx0b03070ddz2ufyyx.jpg,MES-2,complete obliteration,Mucosal,Erosions,UCEIS-4,Low,Moderate,there is complete obliteration of the vascular pattern the mucosa demonstrates moderate erythema low friability and erosions mucosal bleeding is present these findings support a mes2
clhqt82gz02no07103w4i8e99,image_folder/image_clhqt82gz02no07103w4i8e99.jpg,MES-2,complete obliteration,Mucosal,superficial ulcers,UCEIS-5,Moderate,Moderate,there is complete obliteration of the vascular pattern the mucosa demonstrates moderate erythema moderate friability and superficial ulcers mucosal bleeding is present these findings support a mes2
clhpqznop01mh07szhib38q0f,image_folder/image_clhpqznop01mh07szhib38q0f.jpg,MES-1,complete obliteration,no visible,Erosions,UCEIS-3,Low,Moderate,there is complete obliteration of the vascular pattern the mucosa demonstrates moderate erythema low friability and erosions no visible bleeding is present these findings support a mes1
clhqxpgyp0o1o0710c76q16lc,image_folder/image_clhqxpgyp0o1o0710c76q16lc.jpg,MES-2,complete obliteration,no visible,no visible erosions,UCEIS-2,Low,Marked,there is complete obliteration of the vascular pattern the mucosa demonstrates marked erythema low friability and no visible erosions no visible bleeding is present these findings support a mes2
clhzearkc0802072h7u1s4bbo,image_folder/image_clhzearkc0802072h7u1s4bbo.jpg,MES-1,complete obliteration,no visible,no visible erosions,UCEIS-2,Low,Moderate,there is complete obliteration of the vascular pattern the mucosa demonstrates moderate erythema low friability and no visible erosions no visible bleeding is present these findings support a mes1
cli0o7v0601bm071uh91bfqmo,image_folder/image_cli0o7v0601bm071uh91bfqmo.jpg,MES-2,complete obliteration,no visible,no visible erosions,UCEIS-2,Low,Marked,there is complete obliteration of the vascular pattern the mucosa demonstrates marked erythema low friability and no visible erosions no visible bleeding is present these findings support a mes2
Image_134202,image_folder/Image_134202.png,MES-0,Normal,no visible,no visible erosions,UCEIS-0,no visible,no visible,normal vascular pattern normal mucosa no visible erosions and no visible bleeding these findings support a mes0
Image_7458690,image_folder/Image_7458690.png,MES-0,Normal,no visible,no visible erosions,UCEIS-0,no visible,no visible,normal vascular pattern normal mucosa no visible erosions and no visible bleeding these findings support a mes0
clhslrdy201yf07yt3a3dad63,image_folder/image_clhslrdy201yf07yt3a3dad63.jpg,MES-1,Patchy obliteration,no visible,no visible erosions,UCEIS-1,Low,Moderate,there is patchy obliteration of the vascular pattern the mucosa demonstrates moderate erythema low friability and no visible erosions no visible bleeding is present these findings support a mes1
clhql3men0dmw07z42jqs76sh,image_folder/image_clhql3men0dmw07z42jqs76sh.jpg,MES-2,complete obliteration,no visible,no visible erosions,UCEIS-2,Low,Moderate,there is complete obliteration of the vascular pattern the mucosa demonstrates moderate erythema low friability and no visible erosions no visible bleeding is present these findings support a mes2
cli0jm48c0t5e07wu2gzfgd2j,image_folder/image_cli0jm48c0t5e07wu2gzfgd2j.jpg,MES-2,complete obliteration,Mucosal,superficial ulcers,UCEIS-5,Moderate,Marked,there is complete obliteration of the vascular pattern the mucosa demonstrates marked erythema moderate friability and superficial ulcers mucosal bleeding is present these findings support a mes2
cli0ywqc40cm0070q7wqb8mkm,image_folder/image_cli0ywqc40cm0070q7wqb8mkm.jpg,MES-3,complete obliteration,luminal severe,deep ulcers,UCEIS-8,Severe,Marked,there is complete obliteration of the vascular pattern the mucosa demonstrates marked erythema severe friability and deep ulcers luminal severe bleeding is present these findings support a mes3
cli0ytxnq0rjw07zc57fzcybp,image_folder/image_cli0ytxnq0rjw07zc57fzcybp.jpg,MES-3,complete obliteration,luminal severe,deep ulcers,UCEIS-8,Severe,Marked,there is complete obliteration of the vascular pattern the mucosa demonstrates marked erythema severe friability and deep ulcers luminal severe bleeding is present these findings support a mes3
clhzgl6hx03sl07v61owe83fh,image_folder/image_clhzgl6hx03sl07v61owe83fh.jpg,MES-2,complete obliteration,Mucosal,Erosions,UCEIS-4,Low,Marked,there is complete obliteration of the vascular pattern the mucosa demonstrates marked erythema low friability and erosions mucosal bleeding is present these findings support a mes2
clhtqp2i03ne00734csre5ye5,image_folder/image_clhtqp2i03ne00734csre5ye5.jpg,MES-1,Patchy obliteration,no visible,Erosions,UCEIS-2,Low,Moderate,there is patchy obliteration of the vascular pattern the mucosa demonstrates moderate erythema low friability and erosions no visible bleeding is present these findings support a mes1
cli106uob0ygm07329sx0duse,image_folder/image_cli106uob0ygm07329sx0duse.jpg,MES-2,complete obliteration,Mucosal,Erosions,UCEIS-4,Moderate,Marked,there is complete obliteration of the vascular pattern the mucosa demonstrates marked erythema moderate friability and erosions mucosal bleeding is present these findings support a mes2
cli0z9zb40mfu070p420phgyt,image_folder/image_cli0z9zb40mfu070p420phgyt.jpg,MES-2,complete obliteration,Luminal mild,superficial ulcers,UCEIS-6,Moderate,Marked,there is complete obliteration of the vascular pattern the mucosa demonstrates marked erythema moderate friability and superficial ulcers luminal mild bleeding is present these findings support a mes2
cli0lh9lx02jy07u66udv7ge4,image_folder/image_cli0lh9lx02jy07u66udv7ge4.jpg,MES-3,complete obliteration,Mucosal,deep ulcers,UCEIS-6,Severe,Marked,there is complete obliteration of the vascular pattern the mucosa demonstrates marked erythema severe friability and deep ulcers mucosal bleeding is present these findings support a mes3
clhz53hes0l0607246fyh3584,image_folder/image_clhz53hes0l0607246fyh3584.jpg,MES-2,complete obliteration,Mucosal,Erosions,UCEIS-4,Low,Marked,there is complete obliteration of the vascular pattern the mucosa demonstrates marked erythema low friability and erosions mucosal bleeding is present these findings support a mes2
clhzfush0002i07w06095fy7y,image_folder/image_clhzfush0002i07w06095fy7y.jpg,MES-1,complete obliteration,no visible,no visible erosions,UCEIS-2,Low,Moderate,there is complete obliteration of the vascular pattern the mucosa demonstrates moderate erythema low friability and no visible erosions no visible bleeding is present these findings support a mes1
clhpslh7e06po07wubpps2q30,image_folder/image_clhpslh7e06po07wubpps2q30.jpg,MES-3,complete obliteration,luminal severe,deep ulcers,UCEIS-8,Severe,Marked,there is complete obliteration of the vascular pattern the mucosa demonstrates marked erythema severe friability and deep ulcers luminal severe bleeding is present these findings support a mes3
clhpo094000dm07xo3y6h7oai,image_folder/image_clhpo094000dm07xo3y6h7oai.jpg,MES-2,complete obliteration,no visible,superficial ulcers,UCEIS-4,Moderate,Marked,there is complete obliteration of the vascular pattern the mucosa demonstrates marked erythema moderate friability and superficial ulcers no visible bleeding is present these findings support a mes2
clhqt21p3083808zb4elr6hw9,image_folder/image_clhqt21p3083808zb4elr6hw9.jpg,MES-3,complete obliteration,no visible,no visible erosions,UCEIS-2,Severe,Marked,there is complete obliteration of the vascular pattern the mucosa demonstrates marked erythema severe friability and no visible erosions no visible bleeding is present these findings support a mes3
cli0jc9bw0ksj07xabrlf02im,image_folder/image_cli0jc9bw0ksj07xabrlf02im.jpg,MES-2,complete obliteration,Luminal mild,superficial ulcers,UCEIS-6,Moderate,Marked,there is complete obliteration of the vascular pattern the mucosa demonstrates marked erythema moderate friability and superficial ulcers luminal mild bleeding is present these findings support a mes2
cli0j1o1v0hh307vfh98w4tvr,image_folder/image_cli0j1o1v0hh307vfh98w4tvr.jpg,MES-2,complete obliteration,no visible,no visible erosions,UCEIS-2,Low,Moderate,there is complete obliteration of the vascular pattern the mucosa demonstrates moderate erythema low friability and no visible erosions no visible bleeding is present these findings support a mes2
clhs0f0j601yb07wschfz8s17,image_folder/image_clhs0f0j601yb07wschfz8s17.jpg,MES-2,Patchy obliteration,no visible,Erosions,UCEIS-2,Moderate,Moderate,there is patchy obliteration of the vascular pattern the mucosa demonstrates moderate erythema moderate friability and erosions no visible bleeding is present these findings support a mes2
clhtuwtj900cl07360qdnbd4p,image_folder/image_clhtuwtj900cl07360qdnbd4p.jpg,MES-0,Normal,no visible,no visible erosions,UCEIS-0,no visible,no visible,normal vascular pattern normal mucosa no visible erosions and no visible bleeding these findings support a mes0
clhskbemq00fy07z7fig54da0,image_folder/image_clhskbemq00fy07z7fig54da0.jpg,MES-2,Patchy obliteration,Mucosal,Erosions,UCEIS-3,Low,Marked,there is patchy obliteration of the vascular pattern the mucosa demonstrates marked erythema low friability and erosions mucosal bleeding is present these findings support a mes2
cli0zrdcd07p607znfk51drat,image_folder/image_cli0zrdcd07p607znfk51drat.jpg,MES-2,complete obliteration,Luminal mild,superficial ulcers,UCEIS-6,Moderate,Marked,there is complete obliteration of the vascular pattern the mucosa demonstrates marked erythema moderate friability and superficial ulcers luminal mild bleeding is present these findings support a mes2
clhvadk24068z072lgbdf0vp8,image_folder/image_clhvadk24068z072lgbdf0vp8.jpg,MES-1,Patchy obliteration,no visible,no visible erosions,UCEIS-1,Low,Moderate,there is patchy obliteration of the vascular pattern the mucosa demonstrates moderate erythema low friability and no visible erosions no visible bleeding is present these findings support a mes1
clhz4n80r0hau07244bf28qae,image_folder/image_clhz4n80r0hau07244bf28qae.jpg,MES-2,complete obliteration,no visible,Erosions,UCEIS-3,Moderate,Marked,there is complete obliteration of the vascular pattern the mucosa demonstrates marked erythema moderate friability and erosions no visible bleeding is present these findings support a mes2
Image_951218,image_folder/Image_951218.png,MES-0,Normal,no visible,no visible erosions,UCEIS-0,no visible,no visible,normal vascular pattern normal mucosa no visible erosions and no visible bleeding these findings support a mes0
clhs3y35i070707ya5cmd2ps8,image_folder/image_clhs3y35i070707ya5cmd2ps8.jpg,MES-0,Normal,no visible,no visible erosions,UCEIS-0,no visible,no visible,normal vascular pattern normal mucosa no visible erosions and no visible bleeding these findings support a mes0
cli19j8rt037z07xf3wib42ak,image_folder/image_cli19j8rt037z07xf3wib42ak.jpg,MES-3,complete obliteration,luminal severe,deep ulcers,UCEIS-8,Severe,Marked,there is complete obliteration of the vascular pattern the mucosa demonstrates marked erythema severe friability and deep ulcers luminal severe bleeding is present these findings support a mes3
clhzfkswh0oid070gbdyv8q22,image_folder/image_clhzfkswh0oid070gbdyv8q22.jpg,MES-2,complete obliteration,Mucosal,Erosions,UCEIS-4,Moderate,Marked,there is complete obliteration of the vascular pattern the mucosa demonstrates marked erythema moderate friability and erosions mucosal bleeding is present these findings support a mes2
clhttexrr06c7073j6b5xbt33,image_folder/image_clhttexrr06c7073j6b5xbt33.jpg,MES-1,complete obliteration,no visible,no visible erosions,UCEIS-2,Low,Moderate,there is complete obliteration of the vascular pattern the mucosa demonstrates moderate erythema low friability and no visible erosions no visible bleeding is present these findings support a mes1
clhs2ltxp061m07yyb0obf4sl,image_folder/image_clhs2ltxp061m07yyb0obf4sl.jpg,MES-1,Patchy obliteration,no visible,no visible erosions,UCEIS-1,Low,Moderate,there is patchy obliteration of the vascular pattern the mucosa demonstrates moderate erythema low friability and no visible erosions no visible bleeding is present these findings support a mes1
cli0zrtrk0592070l5kk626zm,image_folder/image_cli0zrtrk0592070l5kk626zm.jpg,MES-3,complete obliteration,Luminal mild,deep ulcers,UCEIS-7,Severe,Marked,there is complete obliteration of the vascular pattern the mucosa demonstrates marked erythema severe friability and deep ulcers luminal mild bleeding is present these findings support a mes3
clhzf45i608ia072hazpy0jtl,image_folder/image_clhzf45i608ia072hazpy0jtl.jpg,MES-2,complete obliteration,no visible,no visible erosions,UCEIS-2,Low,Marked,there is complete obliteration of the vascular pattern the mucosa demonstrates marked erythema low friability and no visible erosions no visible bleeding is present these findings support a mes2
cli0ysh930vio0722gwp97bf1,image_folder/image_cli0ysh930vio0722gwp97bf1.jpg,MES-1,Patchy obliteration,no visible,no visible erosions,UCEIS-1,Low,Moderate,there is patchy obliteration of the vascular pattern the mucosa demonstrates moderate erythema low friability and no visible erosions no visible bleeding is present these findings support a mes1
clhs25ce604wi07yabt1f1uug,image_folder/image_clhs25ce604wi07yabt1f1uug.jpg,MES-1,complete obliteration,no visible,no visible erosions,UCEIS-2,Low,Moderate,there is complete obliteration of the vascular pattern the mucosa demonstrates moderate erythema low friability and no visible erosions no visible bleeding is present these findings support a mes1
clhzeuy4g0nff072435lbh14o,image_folder/image_clhzeuy4g0nff072435lbh14o.jpg,MES-1,Patchy obliteration,no visible,no visible erosions,UCEIS-1,Low,Moderate,there is patchy obliteration of the vascular pattern the mucosa demonstrates moderate erythema low friability and no visible erosions no visible bleeding is present these findings support a mes1
clhi3qe3n08wx07xb4h9pcduf,image_folder/image_clhi3qe3n08wx07xb4h9pcduf.jpg,MES-0,Normal,no visible,no visible erosions,UCEIS-0,no visible,no visible,normal vascular pattern normal mucosa no visible erosions and no visible bleeding these findings support a mes0
cli0zhoux06xb07znajkfejbi,image_folder/image_cli0zhoux06xb07znajkfejbi.jpg,MES-2,complete obliteration,Luminal mild,superficial ulcers,UCEIS-6,Moderate,Marked,there is complete obliteration of the vascular pattern the mucosa demonstrates marked erythema moderate friability and superficial ulcers luminal mild bleeding is present these findings support a mes2
cli0n4mme00l1071p42vah74t,image_folder/image_cli0n4mme00l1071p42vah74t.jpg,MES-2,complete obliteration,Mucosal,Erosions,UCEIS-4,Moderate,Marked,there is complete obliteration of the vascular pattern the mucosa demonstrates marked erythema moderate friability and erosions mucosal bleeding is present these findings support a mes2
cli1vvgtl0230072edu591a57,image_folder/image_cli1vvgtl0230072edu591a57.jpg,MES-1,Patchy obliteration,no visible,Erosions,UCEIS-2,Low,Moderate,there is patchy obliteration of the vascular pattern the mucosa demonstrates moderate erythema low friability and erosions no visible bleeding is present these findings support a mes1
cli1wjcxr04bh07174kn25gkh,image_folder/image_cli1wjcxr04bh07174kn25gkh.jpg,MES-1,Patchy obliteration,Mucosal,superficial ulcers,UCEIS-4,Low,Moderate,there is patchy obliteration of the vascular pattern the mucosa demonstrates moderate erythema low friability and superficial ulcers mucosal bleeding is present these findings support a mes1
cli10cjc6141d0722d1qs92eh,image_folder/image_cli10cjc6141d0722d1qs92eh.jpg,MES-2,complete obliteration,no visible,Erosions,UCEIS-3,Low,Marked,there is complete obliteration of the vascular pattern the mucosa demonstrates marked erythema low friability and erosions no visible bleeding is present these findings support a mes2
clhvahi6a03vr072p7w7y8bmk,image_folder/image_clhvahi6a03vr072p7w7y8bmk.jpg,MES-1,complete obliteration,no visible,no visible erosions,UCEIS-2,no visible,no visible,there is complete obliteration of the vascular pattern the mucosa demonstrates no visible erythema no visible friability and no visible erosions no visible bleeding is present these findings support a mes1
cli102vou05ko070l7v1fdml3,image_folder/image_cli102vou05ko070l7v1fdml3.jpg,MES-2,complete obliteration,no visible,no visible erosions,UCEIS-2,Low,Moderate,there is complete obliteration of the vascular pattern the mucosa demonstrates moderate erythema low friability and no visible erosions no visible bleeding is present these findings support a mes2
cli1vp6ki00x0070640wm5c55,image_folder/image_cli1vp6ki00x0070640wm5c55.jpg,MES-1,Patchy obliteration,no visible,Erosions,UCEIS-2,Low,Moderate,there is patchy obliteration of the vascular pattern the mucosa demonstrates moderate erythema low friability and erosions no visible bleeding is present these findings support a mes1
clhqhcvo5077g07z7hrm23bgy,image_folder/image_clhqhcvo5077g07z7hrm23bgy.jpg,MES-3,complete obliteration,luminal severe,deep ulcers,UCEIS-8,Severe,Marked,there is complete obliteration of the vascular pattern the mucosa demonstrates marked erythema severe friability and deep ulcers luminal severe bleeding is present these findings support a mes3
clhqt0qea0qfd07yq16id01cd,image_folder/image_clhqt0qea0qfd07yq16id01cd.jpg,MES-2,complete obliteration,no visible,Erosions,UCEIS-3,Low,Marked,there is complete obliteration of the vascular pattern the mucosa demonstrates marked erythema low friability and erosions no visible bleeding is present these findings support a mes2
cli136dqo0m7207233gwx0qei,image_folder/image_cli136dqo0m7207233gwx0qei.jpg,MES-2,complete obliteration,Mucosal,Erosions,UCEIS-4,Moderate,Marked,there is complete obliteration of the vascular pattern the mucosa demonstrates marked erythema moderate friability and erosions mucosal bleeding is present these findings support a mes2
clhqt5x840cq007yu2c756aeo,image_folder/image_clhqt5x840cq007yu2c756aeo.jpg,MES-1,Patchy obliteration,no visible,Erosions,UCEIS-2,Moderate,no visible,there is patchy obliteration of the vascular pattern the mucosa demonstrates no visible erythema moderate friability and erosions no visible bleeding is present these findings support a mes1
clhsljbqq00jp072jhm861oer,image_folder/image_clhsljbqq00jp072jhm861oer.jpg,MES-2,complete obliteration,Luminal mild,Erosions,UCEIS-5,Moderate,Marked,there is complete obliteration of the vascular pattern the mucosa demonstrates marked erythema moderate friability and erosions luminal mild bleeding is present these findings support a mes2
clhtusmvz09dq070ibnb82mux,image_folder/image_clhtusmvz09dq070ibnb82mux.jpg,MES-2,complete obliteration,no visible,Erosions,UCEIS-3,Low,Marked,there is complete obliteration of the vascular pattern the mucosa demonstrates marked erythema low friability and erosions no visible bleeding is present these findings support a mes2
clhs55t7l07cd07v6eig5bu8f,image_folder/image_clhs55t7l07cd07v6eig5bu8f.jpg,MES-1,Patchy obliteration,no visible,no visible erosions,UCEIS-1,Low,Moderate,there is patchy obliteration of the vascular pattern the mucosa demonstrates moderate erythema low friability and no visible erosions no visible bleeding is present these findings support a mes1
clhva3cd700z4071xeo4n1l9y,image_folder/image_clhva3cd700z4071xeo4n1l9y.jpg,MES-2,complete obliteration,Mucosal,superficial ulcers,UCEIS-5,Moderate,Marked,there is complete obliteration of the vascular pattern the mucosa demonstrates marked erythema moderate friability and superficial ulcers mucosal bleeding is present these findings support a mes2
cli10kcfd0z6907yu8dlieidw,image_folder/image_cli10kcfd0z6907yu8dlieidw.jpg,MES-1,Patchy obliteration,Mucosal,Erosions,UCEIS-3,Low,Moderate,there is patchy obliteration of the vascular pattern the mucosa demonstrates moderate erythema low friability and erosions mucosal bleeding is present these findings support a mes1
cli13hjmx0b5d070d5hpdcm7s,image_folder/image_cli13hjmx0b5d070d5hpdcm7s.jpg,MES-2,complete obliteration,Mucosal,Erosions,UCEIS-4,Moderate,Marked,there is complete obliteration of the vascular pattern the mucosa demonstrates marked erythema moderate friability and erosions mucosal bleeding is present these findings support a mes2
cli10rkel07bl070l2p5f2hm9,image_folder/image_cli10rkel07bl070l2p5f2hm9.jpg,MES-2,complete obliteration,Mucosal,superficial ulcers,UCEIS-5,Moderate,Marked,there is complete obliteration of the vascular pattern the mucosa demonstrates marked erythema moderate friability and superficial ulcers mucosal bleeding is present these findings support a mes2
clhqifjtz09l707zbfbd41i8x,image_folder/image_clhqifjtz09l707zbfbd41i8x.jpg,MES-2,complete obliteration,Mucosal,superficial ulcers,UCEIS-5,Low,Moderate,there is complete obliteration of the vascular pattern the mucosa demonstrates moderate erythema low friability and superficial ulcers mucosal bleeding is present these findings support a mes2
cli0kuze60jfp07tteb8feou8,image_folder/image_cli0kuze60jfp07tteb8feou8.jpg,MES-2,complete obliteration,Mucosal,no visible erosions,UCEIS-3,Low,Marked,there is complete obliteration of the vascular pattern the mucosa demonstrates marked erythema low friability and no visible erosions mucosal bleeding is present these findings support a mes2
cli0mzehw005e07zcakdvfeme,image_folder/image_cli0mzehw005e07zcakdvfeme.jpg,MES-1,Patchy obliteration,Mucosal,Erosions,UCEIS-3,Moderate,Marked,there is patchy obliteration of the vascular pattern the mucosa demonstrates marked erythema moderate friability and erosions mucosal bleeding is present these findings support a mes1
cli1a0nk101nd070dh0b1gk84,image_folder/image_cli1a0nk101nd070dh0b1gk84.jpg,MES-2,complete obliteration,Mucosal,Erosions,UCEIS-4,Moderate,Marked,there is complete obliteration of the vascular pattern the mucosa demonstrates marked erythema moderate friability and erosions mucosal bleeding is present these findings support a mes2
clhpr7rv300vt07xkhrbjdjut,image_folder/image_clhpr7rv300vt07xkhrbjdjut.jpg,MES-2,complete obliteration,no visible,Erosions,UCEIS-3,Moderate,Marked,there is complete obliteration of the vascular pattern the mucosa demonstrates marked erythema moderate friability and erosions no visible bleeding is present these findings support a mes2
clhz34r000anp073lb6sk2aco,image_folder/image_clhz34r000anp073lb6sk2aco.jpg,MES-3,complete obliteration,Luminal mild,deep ulcers,UCEIS-7,Moderate,Marked,there is complete obliteration of the vascular pattern the mucosa demonstrates marked erythema moderate friability and deep ulcers luminal mild bleeding is present these findings support a mes3
clhzflv2l01ws072icug20zrk,image_folder/image_clhzflv2l01ws072icug20zrk.jpg,MES-2,complete obliteration,no visible,Erosions,UCEIS-3,Low,Moderate,there is complete obliteration of the vascular pattern the mucosa demonstrates moderate erythema low friability and erosions no visible bleeding is present these findings support a mes2
clhry1x0j0aji07z60mlgbcza,image_folder/image_clhry1x0j0aji07z60mlgbcza.jpg,MES-1,Patchy obliteration,no visible,no visible erosions,UCEIS-1,Low,Marked,there is patchy obliteration of the vascular pattern the mucosa demonstrates marked erythema low friability and no visible erosions no visible bleeding is present these findings support a mes1
clhtr9f9n02cp070gdgs1ddqb,image_folder/image_clhtr9f9n02cp070gdgs1ddqb.jpg,MES-1,Patchy obliteration,no visible,Erosions,UCEIS-2,Low,Moderate,there is patchy obliteration of the vascular pattern the mucosa demonstrates moderate erythema low friability and erosions no visible bleeding is present these findings support a mes1
clhzq1jyv00vh07ujao52cyz3,image_folder/image_clhzq1jyv00vh07ujao52cyz3.jpg,MES-2,complete obliteration,Mucosal,superficial ulcers,UCEIS-5,Moderate,Marked,there is complete obliteration of the vascular pattern the mucosa demonstrates marked erythema moderate friability and superficial ulcers mucosal bleeding is present these findings support a mes2
clhs5gixt0nai07zh85fth1ed,image_folder/image_clhs5gixt0nai07zh85fth1ed.jpg,MES-1,complete obliteration,no visible,Erosions,UCEIS-3,Low,Moderate,there is complete obliteration of the vascular pattern the mucosa demonstrates moderate erythema low friability and erosions no visible bleeding is present these findings support a mes1
clhi3rpc90a2k07z7cnpkclj0,image_folder/image_clhi3rpc90a2k07z7cnpkclj0.jpg,MES-0,Normal,no visible,no visible erosions,UCEIS-0,no visible,no visible,normal vascular pattern normal mucosa no visible erosions and no visible bleeding these findings support a mes0
clhs3voqv06e907v6emdgb8jl,image_folder/image_clhs3voqv06e907v6emdgb8jl.jpg,MES-2,complete obliteration,no visible,Erosions,UCEIS-3,Low,Moderate,there is complete obliteration of the vascular pattern the mucosa demonstrates moderate erythema low friability and erosions no visible bleeding is present these findings support a mes2
cli0z6387032b07yf5t1yaj3b,image_folder/image_cli0z6387032b07yf5t1yaj3b.jpg,MES-2,complete obliteration,Mucosal,Erosions,UCEIS-4,Moderate,Marked,there is complete obliteration of the vascular pattern the mucosa demonstrates marked erythema moderate friability and erosions mucosal bleeding is present these findings support a mes2
Image_7488367,image_folder/Image_7488367.png,MES-0,Normal,no visible,no visible erosions,UCEIS-0,no visible,no visible,normal vascular pattern normal mucosa no visible erosions and no visible bleeding these findings support a mes0
cli19rkjo01hc070d7n51h0wo,image_folder/image_cli19rkjo01hc070d7n51h0wo.jpg,MES-2,complete obliteration,Mucosal,Erosions,UCEIS-4,Low,Marked,there is complete obliteration of the vascular pattern the mucosa demonstrates marked erythema low friability and erosions mucosal bleeding is present these findings support a mes2
clhtqwnen01n4071r497s1wxm,image_folder/image_clhtqwnen01n4071r497s1wxm.jpg,MES-2,complete obliteration,Luminal mild,superficial ulcers,UCEIS-6,Severe,Marked,there is complete obliteration of the vascular pattern the mucosa demonstrates marked erythema severe friability and superficial ulcers luminal mild bleeding is present these findings support a mes2
clhsm8thj025g07yp3bzh96rq,image_folder/image_clhsm8thj025g07yp3bzh96rq.jpg,MES-2,complete obliteration,no visible,no visible erosions,UCEIS-2,Low,Moderate,there is complete obliteration of the vascular pattern the mucosa demonstrates moderate erythema low friability and no visible erosions no visible bleeding is present these findings support a mes2
clhprraeo00jr07wr45oy77u5,image_folder/image_clhprraeo00jr07wr45oy77u5.jpg,MES-2,complete obliteration,no visible,no visible erosions,UCEIS-2,Moderate,Moderate,there is complete obliteration of the vascular pattern the mucosa demonstrates moderate erythema moderate friability and no visible erosions no visible bleeding is present these findings support a mes2
clhpnmabh00lm07y2hhttan0i,image_folder/image_clhpnmabh00lm07y2hhttan0i.jpg,MES-2,complete obliteration,no visible,superficial ulcers,UCEIS-4,Moderate,Marked,there is complete obliteration of the vascular pattern the mucosa demonstrates marked erythema moderate friability and superficial ulcers no visible bleeding is present these findings support a mes2
cli10q4pv07z307316yzndanq,image_folder/image_cli10q4pv07z307316yzndanq.jpg,MES-2,complete obliteration,Luminal mild,superficial ulcers,UCEIS-6,Moderate,Marked,there is complete obliteration of the vascular pattern the mucosa demonstrates marked erythema moderate friability and superficial ulcers luminal mild bleeding is present these findings support a mes2
clhhzvj9k0ayo07zrfwpiam9m,image_folder/image_clhhzvj9k0ayo07zrfwpiam9m.jpg,MES-1,Patchy obliteration,no visible,no visible erosions,UCEIS-1,no visible,no visible,there is patchy obliteration of the vascular pattern the mucosa demonstrates no visible erythema no visible friability and no visible erosions no visible bleeding is present these findings support a mes1
cli13csl3000j070k1v7j24qi,image_folder/image_cli13csl3000j070k1v7j24qi.jpg,MES-2,complete obliteration,Luminal mild,superficial ulcers,UCEIS-6,Moderate,Marked,there is complete obliteration of the vascular pattern the mucosa demonstrates marked erythema moderate friability and superficial ulcers luminal mild bleeding is present these findings support a mes2
clhqil7q005m507z4au79hcql,image_folder/image_clhqil7q005m507z4au79hcql.jpg,MES-2,complete obliteration,no visible,Erosions,UCEIS-3,Moderate,Marked,there is complete obliteration of the vascular pattern the mucosa demonstrates marked erythema moderate friability and erosions no visible bleeding is present these findings support a mes2
clhqgy7mx017p07y973rwe5gc,image_folder/image_clhqgy7mx017p07y973rwe5gc.jpg,MES-2,complete obliteration,no visible,Erosions,UCEIS-3,Moderate,Marked,there is complete obliteration of the vascular pattern the mucosa demonstrates marked erythema moderate friability and erosions no visible bleeding is present these findings support a mes2
clhql2y0903e307zbhnm6cyt2,image_folder/image_clhql2y0903e307zbhnm6cyt2.jpg,MES-1,complete obliteration,no visible,no visible erosions,UCEIS-2,Low,Moderate,there is complete obliteration of the vascular pattern the mucosa demonstrates moderate erythema low friability and no visible erosions no visible bleeding is present these findings support a mes1
clhs0e6wp026a07y3fk1862f7,image_folder/image_clhs0e6wp026a07y3fk1862f7.jpg,MES-1,complete obliteration,no visible,no visible erosions,UCEIS-2,Low,Moderate,there is complete obliteration of the vascular pattern the mucosa demonstrates moderate erythema low friability and no visible erosions no visible bleeding is present these findings support a mes1
clhzevkty0bmi0707ep131myw,image_folder/image_clhzevkty0bmi0707ep131myw.jpg,MES-2,complete obliteration,Mucosal,superficial ulcers,UCEIS-5,Moderate,Marked,there is complete obliteration of the vascular pattern the mucosa demonstrates marked erythema moderate friability and superficial ulcers mucosal bleeding is present these findings support a mes2
clhtqb5qv0374071qg0ofd5pb,image_folder/image_clhtqb5qv0374071qg0ofd5pb.jpg,MES-3,complete obliteration,luminal severe,deep ulcers,UCEIS-8,Severe,Marked,there is complete obliteration of the vascular pattern the mucosa demonstrates marked erythema severe friability and deep ulcers luminal severe bleeding is present these findings support a mes3
clhv8dok408i4072wc25r0yhw,image_folder/image_clhv8dok408i4072wc25r0yhw.jpg,MES-2,complete obliteration,Luminal mild,superficial ulcers,UCEIS-6,Low,Marked,there is complete obliteration of the vascular pattern the mucosa demonstrates marked erythema low friability and superficial ulcers luminal mild bleeding is present these findings support a mes2
clhz4e86z01ij0724fxrk5evs,image_folder/image_clhz4e86z01ij0724fxrk5evs.jpg,MES-1,Patchy obliteration,no visible,no visible erosions,UCEIS-1,Low,Moderate,there is patchy obliteration of the vascular pattern the mucosa demonstrates moderate erythema low friability and no visible erosions no visible bleeding is present these findings support a mes1
clhqh8ocx06ce07zfck5w697l,image_folder/image_clhqh8ocx06ce07zfck5w697l.jpg,MES-2,complete obliteration,no visible,no visible erosions,UCEIS-2,Low,Marked,there is complete obliteration of the vascular pattern the mucosa demonstrates marked erythema low friability and no visible erosions no visible bleeding is present these findings support a mes2
clhqh1xzc04y607xl6crv8pdq,image_folder/image_clhqh1xzc04y607xl6crv8pdq.jpg,MES-3,complete obliteration,no visible,superficial ulcers,UCEIS-4,Moderate,Marked,there is complete obliteration of the vascular pattern the mucosa demonstrates marked erythema moderate friability and superficial ulcers no visible bleeding is present these findings support a mes3
Image_2079717,image_folder/Image_2079717.png,MES-0,Normal,no visible,no visible erosions,UCEIS-0,no visible,no visible,normal vascular pattern normal mucosa no visible erosions and no visible bleeding these findings support a mes0
clhzqsbhx049i07uhczr30gmk,image_folder/image_clhzqsbhx049i07uhczr30gmk.jpg,MES-1,Patchy obliteration,no visible,no visible erosions,UCEIS-1,no visible,Moderate,there is patchy obliteration of the vascular pattern the mucosa demonstrates moderate erythema no visible friability and no visible erosions no visible bleeding is present these findings support a mes1
clhv8ln3h026b072geufd4iyp,image_folder/image_clhv8ln3h026b072geufd4iyp.jpg,MES-2,complete obliteration,no visible,no visible erosions,UCEIS-2,Low,Moderate,there is complete obliteration of the vascular pattern the mucosa demonstrates moderate erythema low friability and no visible erosions no visible bleeding is present these findings support a mes2
clhtsgy4p047z070g8kltet7o,image_folder/image_clhtsgy4p047z070g8kltet7o.jpg,MES-2,complete obliteration,no visible,Erosions,UCEIS-3,Moderate,Marked,there is complete obliteration of the vascular pattern the mucosa demonstrates marked erythema moderate friability and erosions no visible bleeding is present these findings support a mes2
clhs3sqsa0fef07121cul7jhk,image_folder/image_clhs3sqsa0fef07121cul7jhk.jpg,MES-2,complete obliteration,no visible,Erosions,UCEIS-3,Moderate,Marked,there is complete obliteration of the vascular pattern the mucosa demonstrates marked erythema moderate friability and erosions no visible bleeding is present these findings support a mes2
clhtrgoxj02el071rhb984p6h,image_folder/image_clhtrgoxj02el071rhb984p6h.jpg,MES-2,complete obliteration,Mucosal,superficial ulcers,UCEIS-5,Moderate,Marked,there is complete obliteration of the vascular pattern the mucosa demonstrates marked erythema moderate friability and superficial ulcers mucosal bleeding is present these findings support a mes2
Image_7482198,image_folder/Image_7482198.png,MES-0,Normal,no visible,no visible erosions,UCEIS-0,no visible,no visible,normal vascular pattern normal mucosa no visible erosions and no visible bleeding these findings support a mes0
clhzf16uz00km070hbkg82tm1,image_folder/image_clhzf16uz00km070hbkg82tm1.jpg,MES-2,complete obliteration,no visible,Erosions,UCEIS-3,Moderate,Marked,there is complete obliteration of the vascular pattern the mucosa demonstrates marked erythema moderate friability and erosions no visible bleeding is present these findings support a mes2
cli18i09802tv070x52eiafhf,image_folder/image_cli18i09802tv070x52eiafhf.jpg,MES-1,Patchy obliteration,no visible,no visible erosions,UCEIS-1,Low,Moderate,there is patchy obliteration of the vascular pattern the mucosa demonstrates moderate erythema low friability and no visible erosions no visible bleeding is present these findings support a mes1
clhs56q6g0a5307zg9chdffjy,image_folder/image_clhs56q6g0a5307zg9chdffjy.jpg,MES-1,Patchy obliteration,no visible,no visible erosions,UCEIS-1,no visible,Moderate,there is patchy obliteration of the vascular pattern the mucosa demonstrates moderate erythema no visible friability and no visible erosions no visible bleeding is present these findings support a mes1
clhv9ci1m09v7072wh3zh5d98,image_folder/image_clhv9ci1m09v7072wh3zh5d98.jpg,MES-1,Patchy obliteration,no visible,Erosions,UCEIS-2,Low,Moderate,there is patchy obliteration of the vascular pattern the mucosa demonstrates moderate erythema low friability and erosions no visible bleeding is present these findings support a mes1
clhrzgxvj007107w27f321e0x,image_folder/image_clhrzgxvj007107w27f321e0x.jpg,MES-2,complete obliteration,no visible,Erosions,UCEIS-3,Moderate,Marked,there is complete obliteration of the vascular pattern the mucosa demonstrates marked erythema moderate friability and erosions no visible bleeding is present these findings support a mes2
clhtqrgb3035f08207ewhdva4,image_folder/image_clhtqrgb3035f08207ewhdva4.jpg,MES-2,complete obliteration,Mucosal,Erosions,UCEIS-4,Moderate,Marked,there is complete obliteration of the vascular pattern the mucosa demonstrates marked erythema moderate friability and erosions mucosal bleeding is present these findings support a mes2
cli19wryf03rv07yu42zcg705,image_folder/image_cli19wryf03rv07yu42zcg705.jpg,MES-3,complete obliteration,luminal severe,deep ulcers,UCEIS-8,Severe,Marked,there is complete obliteration of the vascular pattern the mucosa demonstrates marked erythema severe friability and deep ulcers luminal severe bleeding is present these findings support a mes3
clhpny4zw01mk07y33ppkecw2,image_folder/image_clhpny4zw01mk07y33ppkecw2.jpg,MES-1,complete obliteration,no visible,Erosions,UCEIS-3,Low,Moderate,there is complete obliteration of the vascular pattern the mucosa demonstrates moderate erythema low friability and erosions no visible bleeding is present these findings support a mes1
clhhz42m2044k07wj5cnme69t,image_folder/image_clhhz42m2044k07wj5cnme69t.jpg,MES-0,Normal,no visible,no visible erosions,UCEIS-0,no visible,no visible,normal vascular pattern normal mucosa no visible erosions and no visible bleeding these findings support a mes0
clhttcpyg05xq0731d2b0had7,image_folder/image_clhttcpyg05xq0731d2b0had7.jpg,MES-3,complete obliteration,luminal severe,deep ulcers,UCEIS-8,Severe,Marked,there is complete obliteration of the vascular pattern the mucosa demonstrates marked erythema severe friability and deep ulcers luminal severe bleeding is present these findings support a mes3
clhva49ot03rb072pdr6r1pd8,image_folder/image_clhva49ot03rb072pdr6r1pd8.jpg,MES-2,complete obliteration,Mucosal,superficial ulcers,UCEIS-5,Moderate,Marked,there is complete obliteration of the vascular pattern the mucosa demonstrates marked erythema moderate friability and superficial ulcers mucosal bleeding is present these findings support a mes2
cli0o5fgr02pf072o245l3t0r,image_folder/image_cli0o5fgr02pf072o245l3t0r.jpg,MES-2,complete obliteration,no visible,no visible erosions,UCEIS-2,Low,Moderate,there is complete obliteration of the vascular pattern the mucosa demonstrates moderate erythema low friability and no visible erosions no visible bleeding is present these findings support a mes2
clhqq8yqc0jvi07zpg37i67ia,image_folder/image_clhqq8yqc0jvi07zpg37i67ia.jpg,MES-3,complete obliteration,Mucosal,superficial ulcers,UCEIS-5,Moderate,Marked,there is complete obliteration of the vascular pattern the mucosa demonstrates marked erythema moderate friability and superficial ulcers mucosal bleeding is present these findings support a mes3
clhqhbkx808fl071chym62tg7,image_folder/image_clhqhbkx808fl071chym62tg7.jpg,MES-2,complete obliteration,no visible,Erosions,UCEIS-3,Moderate,Marked,there is complete obliteration of the vascular pattern the mucosa demonstrates marked erythema moderate friability and erosions no visible bleeding is present these findings support a mes2
clhpsem4w01v707uy22jyhfym,image_folder/image_clhpsem4w01v707uy22jyhfym.jpg,MES-3,complete obliteration,luminal severe,deep ulcers,UCEIS-8,Severe,Marked,there is complete obliteration of the vascular pattern the mucosa demonstrates marked erythema severe friability and deep ulcers luminal severe bleeding is present these findings support a mes3
clhqkzkqy097f07zx8qwph7yv,image_folder/image_clhqkzkqy097f07zx8qwph7yv.jpg,MES-3,complete obliteration,luminal severe,deep ulcers,UCEIS-8,Severe,Marked,there is complete obliteration of the vascular pattern the mucosa demonstrates marked erythema severe friability and deep ulcers luminal severe bleeding is present these findings support a mes3
clhs3yslu0orv07xq96r2bnql,image_folder/image_clhs3yslu0orv07xq96r2bnql.jpg,MES-2,complete obliteration,no visible,no visible erosions,UCEIS-2,Low,Moderate,there is complete obliteration of the vascular pattern the mucosa demonstrates moderate erythema low friability and no visible erosions no visible bleeding is present these findings support a mes2
clhi2sz86099f07z71bepg1lc,image_folder/image_clhi2sz86099f07z71bepg1lc.jpg,MES-1,Patchy obliteration,no visible,no visible erosions,UCEIS-1,no visible,no visible,there is patchy obliteration of the vascular pattern the mucosa demonstrates no visible erythema no visible friability and no visible erosions no visible bleeding is present these findings support a mes1
clhz4s5bc04q2072pekqec8gh,image_folder/image_clhz4s5bc04q2072pekqec8gh.jpg,MES-3,complete obliteration,Mucosal,superficial ulcers,UCEIS-5,Moderate,Marked,there is complete obliteration of the vascular pattern the mucosa demonstrates marked erythema moderate friability and superficial ulcers mucosal bleeding is present these findings support a mes3
clhsknfas01j307199iag2psj,image_folder/image_clhsknfas01j307199iag2psj.jpg,MES-2,complete obliteration,Mucosal,superficial ulcers,UCEIS-5,Moderate,Marked,there is complete obliteration of the vascular pattern the mucosa demonstrates marked erythema moderate friability and superficial ulcers mucosal bleeding is present these findings support a mes2
clhvahhyi014x071xeimq2ex6,image_folder/image_clhvahhyi014x071xeimq2ex6.jpg,MES-2,complete obliteration,Mucosal,Erosions,UCEIS-4,Low,Moderate,there is complete obliteration of the vascular pattern the mucosa demonstrates moderate erythema low friability and erosions mucosal bleeding is present these findings support a mes2
clhs21c060842070tdylf9i43,image_folder/image_clhs21c060842070tdylf9i43.jpg,MES-2,complete obliteration,no visible,Erosions,UCEIS-3,Moderate,Marked,there is complete obliteration of the vascular pattern the mucosa demonstrates marked erythema moderate friability and erosions no visible bleeding is present these findings support a mes2
cli0j2zwy07ag07ue6octhh02,image_folder/image_cli0j2zwy07ag07ue6octhh02.jpg,MES-2,complete obliteration,Mucosal,Erosions,UCEIS-4,Low,Moderate,there is complete obliteration of the vascular pattern the mucosa demonstrates moderate erythema low friability and erosions mucosal bleeding is present these findings support a mes2
clhp6rc2c07i607yn3qod61q0,image_folder/image_clhp6rc2c07i607yn3qod61q0.jpg,MES-2,complete obliteration,Mucosal,Erosions,UCEIS-4,Moderate,Moderate,there is complete obliteration of the vascular pattern the mucosa demonstrates moderate erythema moderate friability and erosions mucosal bleeding is present these findings support a mes2
Image_162420,image_folder/Image_162420.png,MES-0,Normal,no visible,no visible erosions,UCEIS-0,no visible,no visible,normal vascular pattern normal mucosa no visible erosions and no visible bleeding these findings support a mes0
clhzgeze2026k07vp4dam69ej,image_folder/image_clhzgeze2026k07vp4dam69ej.jpg,MES-2,complete obliteration,Luminal mild,Erosions,UCEIS-5,Moderate,Marked,there is complete obliteration of the vascular pattern the mucosa demonstrates marked erythema moderate friability and erosions luminal mild bleeding is present these findings support a mes2
Image_65517,image_folder/Image_65517.png,MES-0,Normal,no visible,no visible erosions,UCEIS-0,no visible,no visible,normal vascular pattern normal mucosa no visible erosions and no visible bleeding these findings support a mes0
clhozwyqs002807uj5d3ncpo0,image_folder/image_clhozwyqs002807uj5d3ncpo0.jpg,MES-2,complete obliteration,no visible,no visible erosions,UCEIS-2,Low,Moderate,there is complete obliteration of the vascular pattern the mucosa demonstrates moderate erythema low friability and no visible erosions no visible bleeding is present these findings support a mes2
clhi1j6jt06wy07yzbu511ltd,image_folder/image_clhi1j6jt06wy07yzbu511ltd.jpg,MES-0,Normal,no visible,no visible erosions,UCEIS-0,no visible,no visible,normal vascular pattern normal mucosa no visible erosions and no visible bleeding these findings support a mes0
cli0lshf409ga07ud3ps31gmt,image_folder/image_cli0lshf409ga07ud3ps31gmt.jpg,MES-1,Patchy obliteration,no visible,no visible erosions,UCEIS-1,Low,Moderate,there is patchy obliteration of the vascular pattern the mucosa demonstrates moderate erythema low friability and no visible erosions no visible bleeding is present these findings support a mes1
clhs3zkfw071407xte6gj9n43,image_folder/image_clhs3zkfw071407xte6gj9n43.jpg,MES-2,complete obliteration,no visible,Erosions,UCEIS-3,Low,Marked,there is complete obliteration of the vascular pattern the mucosa demonstrates marked erythema low friability and erosions no visible bleeding is present these findings support a mes2
Image_63037,image_folder/Image_63037.png,MES-0,Normal,no visible,no visible erosions,UCEIS-0,no visible,no visible,normal vascular pattern normal mucosa no visible erosions and no visible bleeding these findings support a mes0
clhqh3y5a01ys07084iajax84,image_folder/image_clhqh3y5a01ys07084iajax84.jpg,MES-1,Patchy obliteration,no visible,no visible erosions,UCEIS-1,Low,Moderate,there is patchy obliteration of the vascular pattern the mucosa demonstrates moderate erythema low friability and no visible erosions no visible bleeding is present these findings support a mes1
clhtq1w7p00nq073jelr4hlir,image_folder/image_clhtq1w7p00nq073jelr4hlir.jpg,MES-3,complete obliteration,no visible,superficial ulcers,UCEIS-4,Severe,Marked,there is complete obliteration of the vascular pattern the mucosa demonstrates marked erythema severe friability and superficial ulcers no visible bleeding is present these findings support a mes3
clhtqq0cs3ng90734azojfqk7,image_folder/image_clhtqq0cs3ng90734azojfqk7.jpg,MES-1,Patchy obliteration,no visible,no visible erosions,UCEIS-1,Low,Moderate,there is patchy obliteration of the vascular pattern the mucosa demonstrates moderate erythema low friability and no visible erosions no visible bleeding is present these findings support a mes1
clhzqn8lu008f07vq69m2hwim,image_folder/image_clhzqn8lu008f07vq69m2hwim.jpg,MES-2,complete obliteration,no visible,no visible erosions,UCEIS-2,Low,Moderate,there is complete obliteration of the vascular pattern the mucosa demonstrates moderate erythema low friability and no visible erosions no visible bleeding is present these findings support a mes2
clhqksrc502qj071jdnm030l6,image_folder/image_clhqksrc502qj071jdnm030l6.jpg,MES-2,complete obliteration,no visible,no visible erosions,UCEIS-2,Moderate,Moderate,there is complete obliteration of the vascular pattern the mucosa demonstrates moderate erythema moderate friability and no visible erosions no visible bleeding is present these findings support a mes2
clhtut78w0080071e605r3qvy,image_folder/image_clhtut78w0080071e605r3qvy.jpg,MES-3,complete obliteration,Luminal mild,superficial ulcers,UCEIS-6,Moderate,Marked,there is complete obliteration of the vascular pattern the mucosa demonstrates marked erythema moderate friability and superficial ulcers luminal mild bleeding is present these findings support a mes3
clhz4dcyl08wk070mgcww7q6p,image_folder/image_clhz4dcyl08wk070mgcww7q6p.jpg,MES-2,complete obliteration,Luminal mild,Erosions,UCEIS-5,Low,Moderate,there is complete obliteration of the vascular pattern the mucosa demonstrates moderate erythema low friability and erosions luminal mild bleeding is present these findings support a mes2
cli0z8keq001s0704g2vl1ovm,image_folder/image_cli0z8keq001s0704g2vl1ovm.jpg,MES-2,complete obliteration,Mucosal,Erosions,UCEIS-4,Moderate,Marked,there is complete obliteration of the vascular pattern the mucosa demonstrates marked erythema moderate friability and erosions mucosal bleeding is present these findings support a mes2
clhv9bhj50qrj070o88d6gq1t,image_folder/image_clhv9bhj50qrj070o88d6gq1t.jpg,MES-3,complete obliteration,luminal severe,deep ulcers,UCEIS-8,Severe,Marked,there is complete obliteration of the vascular pattern the mucosa demonstrates marked erythema severe friability and deep ulcers luminal severe bleeding is present these findings support a mes3
Image_61717,image_folder/Image_61717.png,MES-0,Normal,no visible,no visible erosions,UCEIS-0,no visible,no visible,normal vascular pattern normal mucosa no visible erosions and no visible bleeding these findings support a mes0
cli0n2at300g00720em854aas,image_folder/image_cli0n2at300g00720em854aas.jpg,MES-1,Patchy obliteration,no visible,Erosions,UCEIS-2,Moderate,Marked,there is patchy obliteration of the vascular pattern the mucosa demonstrates marked erythema moderate friability and erosions no visible bleeding is present these findings support a mes1
clhi2ye9c08zg07ztcf247b0u,image_folder/image_clhi2ye9c08zg07ztcf247b0u.jpg,MES-1,Patchy obliteration,no visible,no visible erosions,UCEIS-1,no visible,Moderate,there is patchy obliteration of the vascular pattern the mucosa demonstrates moderate erythema no visible friability and no visible erosions no visible bleeding is present these findings support a mes1
clhry34qm04uf071m10mn8hk1,image_folder/image_clhry34qm04uf071m10mn8hk1.jpg,MES-2,complete obliteration,no visible,Erosions,UCEIS-3,Low,Moderate,there is complete obliteration of the vascular pattern the mucosa demonstrates moderate erythema low friability and erosions no visible bleeding is present these findings support a mes2
clhpnpsy20cyk07tg0ufz4b1a,image_folder/image_clhpnpsy20cyk07tg0ufz4b1a.jpg,MES-2,complete obliteration,no visible,no visible erosions,UCEIS-2,Moderate,Moderate,there is complete obliteration of the vascular pattern the mucosa demonstrates moderate erythema moderate friability and no visible erosions no visible bleeding is present these findings support a mes2
Image_2144588,image_folder/Image_2144588.png,MES-0,Normal,no visible,no visible erosions,UCEIS-0,no visible,no visible,normal vascular pattern normal mucosa no visible erosions and no visible bleeding these findings support a mes0
clhsmgh4500dh07zbaago62bn,image_folder/image_clhsmgh4500dh07zbaago62bn.jpg,MES-2,complete obliteration,no visible,Erosions,UCEIS-3,Low,Moderate,there is complete obliteration of the vascular pattern the mucosa demonstrates moderate erythema low friability and erosions no visible bleeding is present these findings support a mes2
cli0zowks072407zne8uz21uc,image_folder/image_cli0zowks072407zne8uz21uc.jpg,MES-2,complete obliteration,no visible,no visible erosions,UCEIS-2,Moderate,Marked,there is complete obliteration of the vascular pattern the mucosa demonstrates marked erythema moderate friability and no visible erosions no visible bleeding is present these findings support a mes2
clhtu2b5k07k7073e1q01hqjv,image_folder/image_clhtu2b5k07k7073e1q01hqjv.jpg,MES-2,complete obliteration,Mucosal,Erosions,UCEIS-4,Moderate,Marked,there is complete obliteration of the vascular pattern the mucosa demonstrates marked erythema moderate friability and erosions mucosal bleeding is present these findings support a mes2
clhqi23na043q07zh6sozfc8j,image_folder/image_clhqi23na043q07zh6sozfc8j.jpg,MES-2,complete obliteration,no visible,Erosions,UCEIS-3,Moderate,Marked,there is complete obliteration of the vascular pattern the mucosa demonstrates marked erythema moderate friability and erosions no visible bleeding is present these findings support a mes2
clhva1cdg0tr107056hbodhis,image_folder/image_clhva1cdg0tr107056hbodhis.jpg,MES-2,Patchy obliteration,Mucosal,superficial ulcers,UCEIS-4,Moderate,Marked,there is patchy obliteration of the vascular pattern the mucosa demonstrates marked erythema moderate friability and superficial ulcers mucosal bleeding is present these findings support a mes2
clhv8vgwn002a07xu4euh6cxl,image_folder/image_clhv8vgwn002a07xu4euh6cxl.jpg,MES-2,complete obliteration,no visible,no visible erosions,UCEIS-2,Low,Moderate,there is complete obliteration of the vascular pattern the mucosa demonstrates moderate erythema low friability and no visible erosions no visible bleeding is present these findings support a mes2
clhrxyym2026q070t9m620ejt,image_folder/image_clhrxyym2026q070t9m620ejt.jpg,MES-2,complete obliteration,no visible,Erosions,UCEIS-3,Low,Marked,there is complete obliteration of the vascular pattern the mucosa demonstrates marked erythema low friability and erosions no visible bleeding is present these findings support a mes2
clhz5baui04mj072ih5vogk12,image_folder/image_clhz5baui04mj072ih5vogk12.jpg,MES-2,complete obliteration,no visible,superficial ulcers,UCEIS-4,Moderate,Marked,there is complete obliteration of the vascular pattern the mucosa demonstrates marked erythema moderate friability and superficial ulcers no visible bleeding is present these findings support a mes2
clhzfppzj02i2071wgp7lho7z,image_folder/image_clhzfppzj02i2071wgp7lho7z.jpg,MES-2,complete obliteration,no visible,superficial ulcers,UCEIS-4,Low,Marked,there is complete obliteration of the vascular pattern the mucosa demonstrates marked erythema low friability and superficial ulcers no visible bleeding is present these findings support a mes2
clhp6ar7208cr07yo7nm90aic,image_folder/image_clhp6ar7208cr07yo7nm90aic.jpg,MES-2,complete obliteration,no visible,no visible erosions,UCEIS-2,Moderate,Marked,there is complete obliteration of the vascular pattern the mucosa demonstrates marked erythema moderate friability and no visible erosions no visible bleeding is present these findings support a mes2
clhpsh6r400q007zgcz97cuth,image_folder/image_clhpsh6r400q007zgcz97cuth.jpg,MES-3,complete obliteration,Luminal mild,superficial ulcers,UCEIS-6,Severe,Marked,there is complete obliteration of the vascular pattern the mucosa demonstrates marked erythema severe friability and superficial ulcers luminal mild bleeding is present these findings support a mes3
clhz5hza40o5s071259dw7ehn,image_folder/image_clhz5hza40o5s071259dw7ehn.jpg,MES-1,Patchy obliteration,no visible,no visible erosions,UCEIS-1,Low,Moderate,there is patchy obliteration of the vascular pattern the mucosa demonstrates moderate erythema low friability and no visible erosions no visible bleeding is present these findings support a mes1
clhs54gvh07sl07xt2ijm5sbr,image_folder/image_clhs54gvh07sl07xt2ijm5sbr.jpg,MES-1,Patchy obliteration,no visible,Erosions,UCEIS-2,Low,Moderate,there is patchy obliteration of the vascular pattern the mucosa demonstrates moderate erythema low friability and erosions no visible bleeding is present these findings support a mes1
clhtuw2460ag007523zvy94tm,image_folder/image_clhtuw2460ag007523zvy94tm.jpg,MES-2,complete obliteration,Luminal mild,superficial ulcers,UCEIS-6,Moderate,Marked,there is complete obliteration of the vascular pattern the mucosa demonstrates marked erythema moderate friability and superficial ulcers luminal mild bleeding is present these findings support a mes2
clhzfsftt001607x5cid52bxo,image_folder/image_clhzfsftt001607x5cid52bxo.jpg,MES-3,complete obliteration,luminal severe,deep ulcers,UCEIS-8,Severe,Marked,there is complete obliteration of the vascular pattern the mucosa demonstrates marked erythema severe friability and deep ulcers luminal severe bleeding is present these findings support a mes3
cli1vg96o01hz072e69e14axv,image_folder/image_cli1vg96o01hz072e69e14axv.jpg,MES-1,Patchy obliteration,no visible,no visible erosions,UCEIS-1,Low,Moderate,there is patchy obliteration of the vascular pattern the mucosa demonstrates moderate erythema low friability and no visible erosions no visible bleeding is present these findings support a mes1
clhv8l0zo02u2071m3dvoaa59,image_folder/image_clhv8l0zo02u2071m3dvoaa59.jpg,MES-1,complete obliteration,no visible,Erosions,UCEIS-3,Low,Moderate,there is complete obliteration of the vascular pattern the mucosa demonstrates moderate erythema low friability and erosions no visible bleeding is present these findings support a mes1
cli1wta1006eu071j12yi5jrk,image_folder/image_cli1wta1006eu071j12yi5jrk.jpg,MES-3,complete obliteration,luminal severe,deep ulcers,UCEIS-8,Severe,Marked,there is complete obliteration of the vascular pattern the mucosa demonstrates marked erythema severe friability and deep ulcers luminal severe bleeding is present these findings support a mes3
clhs58y5x0fc507xm63lr1z6l,image_folder/image_clhs58y5x0fc507xm63lr1z6l.jpg,MES-1,Patchy obliteration,no visible,no visible erosions,UCEIS-1,no visible,Moderate,there is patchy obliteration of the vascular pattern the mucosa demonstrates moderate erythema no visible friability and no visible erosions no visible bleeding is present these findings support a mes1
clhp6lzhb08s507wj7c9uab1c,image_folder/image_clhp6lzhb08s507wj7c9uab1c.jpg,MES-2,complete obliteration,no visible,Erosions,UCEIS-3,Moderate,Marked,there is complete obliteration of the vascular pattern the mucosa demonstrates marked erythema moderate friability and erosions no visible bleeding is present these findings support a mes2
cli0z02660r7h070x1k14flnh,image_folder/image_cli0z02660r7h070x1k14flnh.jpg,MES-1,Patchy obliteration,Mucosal,Erosions,UCEIS-3,Moderate,Marked,there is patchy obliteration of the vascular pattern the mucosa demonstrates marked erythema moderate friability and erosions mucosal bleeding is present these findings support a mes1
clhtrl8lj3bgh074c9kj361im,image_folder/image_clhtrl8lj3bgh074c9kj361im.jpg,MES-2,complete obliteration,Luminal mild,superficial ulcers,UCEIS-6,Moderate,Moderate,there is complete obliteration of the vascular pattern the mucosa demonstrates moderate erythema moderate friability and superficial ulcers luminal mild bleeding is present these findings support a mes2
cli0ne6y001280720cyvpat55,image_folder/image_cli0ne6y001280720cyvpat55.jpg,MES-3,complete obliteration,luminal severe,deep ulcers,UCEIS-8,Severe,Marked,there is complete obliteration of the vascular pattern the mucosa demonstrates marked erythema severe friability and deep ulcers luminal severe bleeding is present these findings support a mes3
clhva7dxq0trf071pezm0h4cj,image_folder/image_clhva7dxq0trf071pezm0h4cj.jpg,MES-2,complete obliteration,Luminal mild,superficial ulcers,UCEIS-6,Moderate,Marked,there is complete obliteration of the vascular pattern the mucosa demonstrates marked erythema moderate friability and superficial ulcers luminal mild bleeding is present these findings support a mes2
clhslsrby03a80712f40vcqjw,image_folder/image_clhslsrby03a80712f40vcqjw.jpg,MES-1,Patchy obliteration,no visible,no visible erosions,UCEIS-1,Low,no visible,there is patchy obliteration of the vascular pattern the mucosa demonstrates no visible erythema low friability and no visible erosions no visible bleeding is present these findings support a mes1
clhs3uuwb09xk070tdfud3y4h,image_folder/image_clhs3uuwb09xk070tdfud3y4h.jpg,MES-2,complete obliteration,no visible,no visible erosions,UCEIS-2,Low,Marked,there is complete obliteration of the vascular pattern the mucosa demonstrates marked erythema low friability and no visible erosions no visible bleeding is present these findings support a mes2
clhslp66t00qk07zo8dd369dy,image_folder/image_clhslp66t00qk07zo8dd369dy.jpg,MES-2,complete obliteration,no visible,no visible erosions,UCEIS-2,Low,Moderate,there is complete obliteration of the vascular pattern the mucosa demonstrates moderate erythema low friability and no visible erosions no visible bleeding is present these findings support a mes2
clhprwede00h107zkf3qa32r0,image_folder/image_clhprwede00h107zkf3qa32r0.jpg,MES-3,complete obliteration,no visible,superficial ulcers,UCEIS-4,Severe,Marked,there is complete obliteration of the vascular pattern the mucosa demonstrates marked erythema severe friability and superficial ulcers no visible bleeding is present these findings support a mes3
clhi3gup205oc07zqcxeo96sd,image_folder/image_clhi3gup205oc07zqcxeo96sd.jpg,MES-1,Patchy obliteration,no visible,no visible erosions,UCEIS-1,no visible,no visible,there is patchy obliteration of the vascular pattern the mucosa demonstrates no visible erythema no visible friability and no visible erosions no visible bleeding is present these findings support a mes1
clhz3dapo00620743hjddd4nv,image_folder/image_clhz3dapo00620743hjddd4nv.jpg,MES-2,complete obliteration,no visible,no visible erosions,UCEIS-2,Moderate,Marked,there is complete obliteration of the vascular pattern the mucosa demonstrates marked erythema moderate friability and no visible erosions no visible bleeding is present these findings support a mes2
clhi1x52g0k5907xq5cuued69,image_folder/image_clhi1x52g0k5907xq5cuued69.jpg,MES-1,Patchy obliteration,no visible,no visible erosions,UCEIS-1,no visible,no visible,there is patchy obliteration of the vascular pattern the mucosa demonstrates no visible erythema no visible friability and no visible erosions no visible bleeding is present these findings support a mes1
clhs5n3je0m57071ne8t5hzf0,image_folder/image_clhs5n3je0m57071ne8t5hzf0.jpg,MES-2,complete obliteration,no visible,Erosions,UCEIS-3,Low,Marked,there is complete obliteration of the vascular pattern the mucosa demonstrates marked erythema low friability and erosions no visible bleeding is present these findings support a mes2
clhql0keh0dhp07z4ck7icemu,image_folder/image_clhql0keh0dhp07z4ck7icemu.jpg,MES-3,complete obliteration,Mucosal,superficial ulcers,UCEIS-5,Severe,Marked,there is complete obliteration of the vascular pattern the mucosa demonstrates marked erythema severe friability and superficial ulcers mucosal bleeding is present these findings support a mes3
Image_937045,image_folder/Image_937045.png,MES-0,Normal,no visible,no visible erosions,UCEIS-0,no visible,no visible,normal vascular pattern normal mucosa no visible erosions and no visible bleeding these findings support a mes0
Image_169970,image_folder/Image_169970.png,MES-0,Normal,no visible,no visible erosions,UCEIS-0,no visible,no visible,normal vascular pattern normal mucosa no visible erosions and no visible bleeding these findings support a mes0
clhtslctg0a6j0754c556456p,image_folder/image_clhtslctg0a6j0754c556456p.jpg,MES-1,Patchy obliteration,no visible,Erosions,UCEIS-2,Low,Moderate,there is patchy obliteration of the vascular pattern the mucosa demonstrates moderate erythema low friability and erosions no visible bleeding is present these findings support a mes1
clhs3x50w0fuq07076vxe3d87,image_folder/image_clhs3x50w0fuq07076vxe3d87.jpg,MES-1,Patchy obliteration,no visible,Erosions,UCEIS-2,Low,Marked,there is patchy obliteration of the vascular pattern the mucosa demonstrates marked erythema low friability and erosions no visible bleeding is present these findings support a mes1
clhpsfseq02h807sz0u7x8rpf,image_folder/image_clhpsfseq02h807sz0u7x8rpf.jpg,MES-3,complete obliteration,luminal severe,deep ulcers,UCEIS-8,Severe,Marked,there is complete obliteration of the vascular pattern the mucosa demonstrates marked erythema severe friability and deep ulcers luminal severe bleeding is present these findings support a mes3
clhqppecd026e07xfa1zw0duc,image_folder/image_clhqppecd026e07xfa1zw0duc.jpg,MES-2,complete obliteration,no visible,Erosions,UCEIS-3,Moderate,Marked,there is complete obliteration of the vascular pattern the mucosa demonstrates marked erythema moderate friability and erosions no visible bleeding is present these findings support a mes2
clhzfvlo9002b07vt80fxa9yw,image_folder/image_clhzfvlo9002b07vt80fxa9yw.jpg,MES-2,complete obliteration,no visible,Erosions,UCEIS-3,Moderate,Marked,there is complete obliteration of the vascular pattern the mucosa demonstrates marked erythema moderate friability and erosions no visible bleeding is present these findings support a mes2
clhtrr3li030q070ggin8b83i,image_folder/image_clhtrr3li030q070ggin8b83i.jpg,MES-2,complete obliteration,Mucosal,Erosions,UCEIS-4,Low,Marked,there is complete obliteration of the vascular pattern the mucosa demonstrates marked erythema low friability and erosions mucosal bleeding is present these findings support a mes2
clhqt94kl15x607xt75uob01h,image_folder/image_clhqt94kl15x607xt75uob01h.jpg,MES-2,complete obliteration,no visible,Erosions,UCEIS-3,Low,Moderate,there is complete obliteration of the vascular pattern the mucosa demonstrates moderate erythema low friability and erosions no visible bleeding is present these findings support a mes2
clhttfpy007n007400vdo7dsz,image_folder/image_clhttfpy007n007400vdo7dsz.jpg,MES-3,complete obliteration,Mucosal,Erosions,UCEIS-4,Moderate,Marked,there is complete obliteration of the vascular pattern the mucosa demonstrates marked erythema moderate friability and erosions mucosal bleeding is present these findings support a mes3
clhz2yl0i0die070w898u066m,image_folder/image_clhz2yl0i0die070w898u066m.jpg,MES-1,Patchy obliteration,no visible,no visible erosions,UCEIS-1,Low,Moderate,there is patchy obliteration of the vascular pattern the mucosa demonstrates moderate erythema low friability and no visible erosions no visible bleeding is present these findings support a mes1
clhv8zct003hk072l043h240y,image_folder/image_clhv8zct003hk072l043h240y.jpg,MES-2,complete obliteration,Mucosal,Erosions,UCEIS-4,Low,Moderate,there is complete obliteration of the vascular pattern the mucosa demonstrates moderate erythema low friability and erosions mucosal bleeding is present these findings support a mes2
clhqh4q1507hq07141njbfw4k,image_folder/image_clhqh4q1507hq07141njbfw4k.jpg,MES-2,complete obliteration,no visible,no visible erosions,UCEIS-2,Low,Marked,there is complete obliteration of the vascular pattern the mucosa demonstrates marked erythema low friability and no visible erosions no visible bleeding is present these findings support a mes2
cli0lbkiq02lf07w27pvifnab,image_folder/image_cli0lbkiq02lf07w27pvifnab.jpg,MES-2,complete obliteration,no visible,Erosions,UCEIS-3,Moderate,Marked,there is complete obliteration of the vascular pattern the mucosa demonstrates marked erythema moderate friability and erosions no visible bleeding is present these findings support a mes2
Image_83396,image_folder/Image_83396.png,MES-0,Normal,no visible,no visible erosions,UCEIS-0,no visible,no visible,normal vascular pattern normal mucosa no visible erosions and no visible bleeding these findings support a mes0
cli0zc15x0hcw074j1expcoln,image_folder/image_cli0zc15x0hcw074j1expcoln.jpg,MES-3,complete obliteration,luminal severe,deep ulcers,UCEIS-8,Severe,Marked,there is complete obliteration of the vascular pattern the mucosa demonstrates marked erythema severe friability and deep ulcers luminal severe bleeding is present these findings support a mes3
cli198kbh05kd073i3cyu1j4t,image_folder/image_cli198kbh05kd073i3cyu1j4t.jpg,MES-2,complete obliteration,no visible,no visible erosions,UCEIS-2,Moderate,Marked,there is complete obliteration of the vascular pattern the mucosa demonstrates marked erythema moderate friability and no visible erosions no visible bleeding is present these findings support a mes2
Image_939291,image_folder/Image_939291.png,MES-0,Normal,no visible,no visible erosions,UCEIS-0,no visible,no visible,normal vascular pattern normal mucosa no visible erosions and no visible bleeding these findings support a mes0
clhi1kjbe0bh407za4pvjdxky,image_folder/image_clhi1kjbe0bh407za4pvjdxky.jpg,MES-1,Patchy obliteration,no visible,no visible erosions,UCEIS-1,no visible,no visible,there is patchy obliteration of the vascular pattern the mucosa demonstrates no visible erythema no visible friability and no visible erosions no visible bleeding is present these findings support a mes1
cli1wv6h60d5l0705b7rn6z3a,image_folder/image_cli1wv6h60d5l0705b7rn6z3a.jpg,MES-3,complete obliteration,luminal severe,deep ulcers,UCEIS-8,Severe,Marked,there is complete obliteration of the vascular pattern the mucosa demonstrates marked erythema severe friability and deep ulcers luminal severe bleeding is present these findings support a mes3
Image_165498,image_folder/Image_165498.png,MES-0,Normal,no visible,no visible erosions,UCEIS-0,no visible,no visible,normal vascular pattern normal mucosa no visible erosions and no visible bleeding these findings support a mes0
Image_80436,image_folder/Image_80436.png,MES-0,Normal,no visible,no visible erosions,UCEIS-0,no visible,no visible,normal vascular pattern normal mucosa no visible erosions and no visible bleeding these findings support a mes0
Image_70157,image_folder/Image_70157.png,MES-0,Normal,no visible,no visible erosions,UCEIS-0,no visible,no visible,normal vascular pattern normal mucosa no visible erosions and no visible bleeding these findings support a mes0
clhqik5hf093l0715dkk74b61,image_folder/image_clhqik5hf093l0715dkk74b61.jpg,MES-3,complete obliteration,Mucosal,superficial ulcers,UCEIS-5,Severe,Marked,there is complete obliteration of the vascular pattern the mucosa demonstrates marked erythema severe friability and superficial ulcers mucosal bleeding is present these findings support a mes3
cli13hjxq0b5f070d26ru9to3,image_folder/image_cli13hjxq0b5f070d26ru9to3.jpg,MES-2,complete obliteration,Mucosal,superficial ulcers,UCEIS-5,Low,Marked,there is complete obliteration of the vascular pattern the mucosa demonstrates marked erythema low friability and superficial ulcers mucosal bleeding is present these findings support a mes2
clhz5ivez0337072417oq98sc,image_folder/image_clhz5ivez0337072417oq98sc.jpg,MES-2,complete obliteration,Luminal mild,Erosions,UCEIS-5,Moderate,Marked,there is complete obliteration of the vascular pattern the mucosa demonstrates marked erythema moderate friability and erosions luminal mild bleeding is present these findings support a mes2
cli1wvpem04l407233tkyeqkv,image_folder/image_cli1wvpem04l407233tkyeqkv.jpg,MES-1,Patchy obliteration,no visible,no visible erosions,UCEIS-1,Low,Moderate,there is patchy obliteration of the vascular pattern the mucosa demonstrates moderate erythema low friability and no visible erosions no visible bleeding is present these findings support a mes1
cli0o33sq02k007217112h9fu,image_folder/image_cli0o33sq02k007217112h9fu.jpg,MES-3,complete obliteration,Luminal mild,deep ulcers,UCEIS-7,Severe,Marked,there is complete obliteration of the vascular pattern the mucosa demonstrates marked erythema severe friability and deep ulcers luminal mild bleeding is present these findings support a mes3
clhsmdizh015n07xy3njc6o5g,image_folder/image_clhsmdizh015n07xy3njc6o5g.jpg,MES-2,complete obliteration,Luminal mild,Erosions,UCEIS-4,Moderate,Marked,there is complete obliteration of the vascular pattern the mucosa demonstrates marked erythema moderate friability and erosions luminal mild bleeding is present these findings support a mes2
cli0o4pgp039x07308qcf3f3r,image_folder/image_cli0o4pgp039x07308qcf3f3r.jpg,MES-3,complete obliteration,Luminal mild,deep ulcers,UCEIS-7,Severe,Marked,there is complete obliteration of the vascular pattern the mucosa demonstrates marked erythema severe friability and deep ulcers luminal mild bleeding is present these findings support a mes3
cli1vursh00yx07229740hq8j,image_folder/image_cli1vursh00yx07229740hq8j.jpg,MES-2,complete obliteration,no visible,no visible erosions,UCEIS-2,Low,Moderate,there is complete obliteration of the vascular pattern the mucosa demonstrates moderate erythema low friability and no visible erosions no visible bleeding is present these findings support a mes2
cli10gjf70884070d8sp42mhc,image_folder/image_cli10gjf70884070d8sp42mhc.jpg,MES-1,Patchy obliteration,no visible,Erosions,UCEIS-2,Low,Moderate,there is patchy obliteration of the vascular pattern the mucosa demonstrates moderate erythema low friability and erosions no visible bleeding is present these findings support a mes1
clhv8oq0c02ul071mby594j0b,image_folder/image_clhv8oq0c02ul071mby594j0b.jpg,MES-1,Patchy obliteration,no visible,no visible erosions,UCEIS-1,Low,Moderate,there is patchy obliteration of the vascular pattern the mucosa demonstrates moderate erythema low friability and no visible erosions no visible bleeding is present these findings support a mes1
cli19utlm02xi07zyeki1efxb,image_folder/image_cli19utlm02xi07zyeki1efxb.jpg,MES-2,complete obliteration,Mucosal,superficial ulcers,UCEIS-5,Moderate,Marked,there is complete obliteration of the vascular pattern the mucosa demonstrates marked erythema moderate friability and superficial ulcers mucosal bleeding is present these findings support a mes2
cli0yxct40dzi070uc3rtccv0,image_folder/image_cli0yxct40dzi070uc3rtccv0.jpg,MES-1,Patchy obliteration,no visible,no visible erosions,UCEIS-1,Low,Marked,there is patchy obliteration of the vascular pattern the mucosa demonstrates marked erythema low friability and no visible erosions no visible bleeding is present these findings support a mes1
Image_822173,image_folder/Image_822173.png,MES-0,Normal,no visible,no visible erosions,UCEIS-0,no visible,no visible,normal vascular pattern normal mucosa no visible erosions and no visible bleeding these findings support a mes0
clhqpbd7g01ta0710eza0bjs0,image_folder/image_clhqpbd7g01ta0710eza0bjs0.jpg,MES-1,Patchy obliteration,no visible,no visible erosions,UCEIS-1,Low,Marked,there is patchy obliteration of the vascular pattern the mucosa demonstrates marked erythema low friability and no visible erosions no visible bleeding is present these findings support a mes1
cli0kvx9a0o9t07ug8det6h22,image_folder/image_cli0kvx9a0o9t07ug8det6h22.jpg,MES-2,complete obliteration,Mucosal,Erosions,UCEIS-4,Low,Marked,there is complete obliteration of the vascular pattern the mucosa demonstrates marked erythema low friability and erosions mucosal bleeding is present these findings support a mes2
clhrxwm5u00bc07yg90nl8vrs,image_folder/image_clhrxwm5u00bc07yg90nl8vrs.jpg,MES-2,complete obliteration,no visible,Erosions,UCEIS-3,Moderate,Marked,there is complete obliteration of the vascular pattern the mucosa demonstrates marked erythema moderate friability and erosions no visible bleeding is present these findings support a mes2
clhqtauu60zdp07zx699idwda,image_folder/image_clhqtauu60zdp07zx699idwda.jpg,MES-1,Patchy obliteration,no visible,no visible erosions,UCEIS-1,Low,Moderate,there is patchy obliteration of the vascular pattern the mucosa demonstrates moderate erythema low friability and no visible erosions no visible bleeding is present these findings support a mes1
clhpsb5r2008c07xx8aieal4m,image_folder/image_clhpsb5r2008c07xx8aieal4m.jpg,MES-2,complete obliteration,no visible,no visible erosions,UCEIS-2,Moderate,Moderate,there is complete obliteration of the vascular pattern the mucosa demonstrates moderate erythema moderate friability and no visible erosions no visible bleeding is present these findings support a mes2
clhqktkqu06m207yobuvjhvpe,image_folder/image_clhqktkqu06m207yobuvjhvpe.jpg,MES-2,Patchy obliteration,no visible,superficial ulcers,UCEIS-3,Low,Marked,there is patchy obliteration of the vascular pattern the mucosa demonstrates marked erythema low friability and superficial ulcers no visible bleeding is present these findings support a mes2
cli0zy4cm01ba071y7s1fbkv1,image_folder/image_cli0zy4cm01ba071y7s1fbkv1.jpg,MES-1,Patchy obliteration,Mucosal,superficial ulcers,UCEIS-4,Low,Moderate,there is patchy obliteration of the vascular pattern the mucosa demonstrates moderate erythema low friability and superficial ulcers mucosal bleeding is present these findings support a mes1
Image_171730,image_folder/Image_171730.png,MES-0,Normal,no visible,no visible erosions,UCEIS-0,no visible,no visible,normal vascular pattern normal mucosa no visible erosions and no visible bleeding these findings support a mes0
Image_109595,image_folder/Image_109595.png,MES-0,Normal,no visible,no visible erosions,UCEIS-0,no visible,no visible,normal vascular pattern normal mucosa no visible erosions and no visible bleeding these findings support a mes0
Image_2207950,image_folder/Image_2207950.png,MES-0,Normal,no visible,no visible erosions,UCEIS-0,no visible,no visible,normal vascular pattern normal mucosa no visible erosions and no visible bleeding these findings support a mes0
clhqt3i1j0h8307zh0s8bc3g0,image_folder/image_clhqt3i1j0h8307zh0s8bc3g0.jpg,MES-2,complete obliteration,no visible,Erosions,UCEIS-3,Moderate,Moderate,there is complete obliteration of the vascular pattern the mucosa demonstrates moderate erythema moderate friability and erosions no visible bleeding is present these findings support a mes2
clhqxpg2p02v807vve497cups,image_folder/image_clhqxpg2p02v807vve497cups.jpg,MES-1,Patchy obliteration,Luminal mild,Erosions,UCEIS-4,Moderate,Marked,there is patchy obliteration of the vascular pattern the mucosa demonstrates marked erythema moderate friability and erosions luminal mild bleeding is present these findings support a mes1
clhpsdm2e00xp07vqcfendjud,image_folder/image_clhpsdm2e00xp07vqcfendjud.jpg,MES-2,complete obliteration,no visible,no visible erosions,UCEIS-2,Low,Marked,there is complete obliteration of the vascular pattern the mucosa demonstrates marked erythema low friability and no visible erosions no visible bleeding is present these findings support a mes2
cli0zcfmh00q1072xb5kueagk,image_folder/image_cli0zcfmh00q1072xb5kueagk.jpg,MES-1,Patchy obliteration,Mucosal,Erosions,UCEIS-3,Low,Marked,there is patchy obliteration of the vascular pattern the mucosa demonstrates marked erythema low friability and erosions mucosal bleeding is present these findings support a mes1
clhv9azsc06lt072n24fo17qd,image_folder/image_clhv9azsc06lt072n24fo17qd.jpg,MES-2,complete obliteration,Mucosal,Erosions,UCEIS-4,Moderate,Marked,there is complete obliteration of the vascular pattern the mucosa demonstrates marked erythema moderate friability and erosions mucosal bleeding is present these findings support a mes2
clhqi70gz0btb07zfae6258x5,image_folder/image_clhqi70gz0btb07zfae6258x5.jpg,MES-1,Patchy obliteration,no visible,no visible erosions,UCEIS-1,Low,Moderate,there is patchy obliteration of the vascular pattern the mucosa demonstrates moderate erythema low friability and no visible erosions no visible bleeding is present these findings support a mes1
clhrzg62f06o207xq3jf0g4ej,image_folder/image_clhrzg62f06o207xq3jf0g4ej.jpg,MES-2,complete obliteration,no visible,superficial ulcers,UCEIS-4,Moderate,Marked,there is complete obliteration of the vascular pattern the mucosa demonstrates marked erythema moderate friability and superficial ulcers no visible bleeding is present these findings support a mes2
Image_2089997,image_folder/Image_2089997.png,MES-0,Normal,no visible,no visible erosions,UCEIS-0,no visible,no visible,normal vascular pattern normal mucosa no visible erosions and no visible bleeding these findings support a mes0
clhs2nwdz05fl07ze95i3cmzc,image_folder/image_clhs2nwdz05fl07ze95i3cmzc.jpg,MES-2,complete obliteration,no visible,Erosions,UCEIS-3,Moderate,Marked,there is complete obliteration of the vascular pattern the mucosa demonstrates marked erythema moderate friability and erosions no visible bleeding is present these findings support a mes2
cli1wuo4q09fw0728fsdpd88e,image_folder/image_cli1wuo4q09fw0728fsdpd88e.jpg,MES-2,complete obliteration,Mucosal,Erosions,UCEIS-4,Moderate,Marked,there is complete obliteration of the vascular pattern the mucosa demonstrates marked erythema moderate friability and erosions mucosal bleeding is present these findings support a mes2
clhxpb6t20atc070x6ghb2mpy,image_folder/image_clhxpb6t20atc070x6ghb2mpy.jpg,MES-2,complete obliteration,Mucosal,Erosions,UCEIS-4,Moderate,Marked,there is complete obliteration of the vascular pattern the mucosa demonstrates marked erythema moderate friability and erosions mucosal bleeding is present these findings support a mes2
Image_420143,image_folder/Image_420143.png,MES-0,Normal,no visible,no visible erosions,UCEIS-0,no visible,no visible,normal vascular pattern normal mucosa no visible erosions and no visible bleeding these findings support a mes0
clhtqqn2b01kb0752ddey7yx0,image_folder/image_clhtqqn2b01kb0752ddey7yx0.jpg,MES-2,complete obliteration,no visible,Erosions,UCEIS-3,Low,Moderate,there is complete obliteration of the vascular pattern the mucosa demonstrates moderate erythema low friability and erosions no visible bleeding is present these findings support a mes2
cli19tjmv0162072hb4eifonu,image_folder/image_cli19tjmv0162072hb4eifonu.jpg,MES-2,complete obliteration,no visible,no visible erosions,UCEIS-2,Low,Moderate,there is complete obliteration of the vascular pattern the mucosa demonstrates moderate erythema low friability and no visible erosions no visible bleeding is present these findings support a mes2
clhzf6xtb05el07zifwgz09kl,image_folder/image_clhzf6xtb05el07zifwgz09kl.jpg,MES-2,complete obliteration,Mucosal,Erosions,UCEIS-4,Low,Marked,there is complete obliteration of the vascular pattern the mucosa demonstrates marked erythema low friability and erosions mucosal bleeding is present these findings support a mes2
cli0yz5y2003x070l9yi657r3,image_folder/image_cli0yz5y2003x070l9yi657r3.jpg,MES-2,complete obliteration,no visible,Erosions,UCEIS-3,Moderate,Marked,there is complete obliteration of the vascular pattern the mucosa demonstrates marked erythema moderate friability and erosions no visible bleeding is present these findings support a mes2
clhi3ncw409y207z70acaew3n,image_folder/image_clhi3ncw409y207z70acaew3n.jpg,MES-0,Normal,no visible,no visible erosions,UCEIS-0,no visible,no visible,normal vascular pattern normal mucosa no visible erosions and no visible bleeding these findings support a mes0
clhps2m9003ab07x2gfb8087y,image_folder/image_clhps2m9003ab07x2gfb8087y.jpg,MES-1,Patchy obliteration,no visible,no visible erosions,UCEIS-1,no visible,Moderate,there is patchy obliteration of the vascular pattern the mucosa demonstrates moderate erythema no visible friability and no visible erosions no visible bleeding is present these findings support a mes1
clhs437en074q07ya4tju52m8,image_folder/image_clhs437en074q07ya4tju52m8.jpg,MES-2,complete obliteration,no visible,no visible erosions,UCEIS-2,Low,Marked,there is complete obliteration of the vascular pattern the mucosa demonstrates marked erythema low friability and no visible erosions no visible bleeding is present these findings support a mes2
cli0yvpg501pa070mcgvi1qoq,image_folder/image_cli0yvpg501pa070mcgvi1qoq.jpg,MES-2,complete obliteration,no visible,no visible erosions,UCEIS-2,Low,Moderate,there is complete obliteration of the vascular pattern the mucosa demonstrates moderate erythema low friability and no visible erosions no visible bleeding is present these findings support a mes2
clhtr7v5u01xp073eegrkb88a,image_folder/image_clhtr7v5u01xp073eegrkb88a.jpg,MES-2,complete obliteration,no visible,Erosions,UCEIS-3,Low,Moderate,there is complete obliteration of the vascular pattern the mucosa demonstrates moderate erythema low friability and erosions no visible bleeding is present these findings support a mes2
clhry7zs5066607y5d79874vu,image_folder/image_clhry7zs5066607y5d79874vu.jpg,MES-3,complete obliteration,Mucosal,superficial ulcers,UCEIS-5,Moderate,Marked,there is complete obliteration of the vascular pattern the mucosa demonstrates marked erythema moderate friability and superficial ulcers mucosal bleeding is present these findings support a mes3
Image_2189471,image_folder/Image_2189471.png,MES-0,Normal,no visible,no visible erosions,UCEIS-0,no visible,no visible,normal vascular pattern normal mucosa no visible erosions and no visible bleeding these findings support a mes0
clhttqgrw0b22082004iodjvs,image_folder/image_clhttqgrw0b22082004iodjvs.jpg,MES-1,Patchy obliteration,Mucosal,Erosions,UCEIS-3,Low,Moderate,there is patchy obliteration of the vascular pattern the mucosa demonstrates moderate erythema low friability and erosions mucosal bleeding is present these findings support a mes1
clhv9594101mk072p4xf5h4r1,image_folder/image_clhv9594101mk072p4xf5h4r1.jpg,MES-1,Patchy obliteration,no visible,no visible erosions,UCEIS-1,no visible,Moderate,there is patchy obliteration of the vascular pattern the mucosa demonstrates moderate erythema no visible friability and no visible erosions no visible bleeding is present these findings support a mes1
cli1vttb801jt071u1s9g7cxk,image_folder/image_cli1vttb801jt071u1s9g7cxk.jpg,MES-2,complete obliteration,Mucosal,Erosions,UCEIS-4,Moderate,Marked,there is complete obliteration of the vascular pattern the mucosa demonstrates marked erythema moderate friability and erosions mucosal bleeding is present these findings support a mes2
clhz76hzf08ok07239c1p5vsr,image_folder/image_clhz76hzf08ok07239c1p5vsr.jpg,MES-1,complete obliteration,no visible,no visible erosions,UCEIS-2,Low,Moderate,there is complete obliteration of the vascular pattern the mucosa demonstrates moderate erythema low friability and no visible erosions no visible bleeding is present these findings support a mes1
clhpnsl6k03wx07xk7ty7ece4,image_folder/image_clhpnsl6k03wx07xk7ty7ece4.jpg,MES-2,complete obliteration,no visible,no visible erosions,UCEIS-2,Low,Marked,there is complete obliteration of the vascular pattern the mucosa demonstrates marked erythema low friability and no visible erosions no visible bleeding is present these findings support a mes2
clhs2l6gn0cai07y54dsnbeg5,image_folder/image_clhs2l6gn0cai07y54dsnbeg5.jpg,MES-1,complete obliteration,no visible,no visible erosions,UCEIS-2,no visible,no visible,there is complete obliteration of the vascular pattern the mucosa demonstrates no visible erythema no visible friability and no visible erosions no visible bleeding is present these findings support a mes1
clhs0itdf02jj07y344b9dy4s,image_folder/image_clhs0itdf02jj07y344b9dy4s.jpg,MES-2,complete obliteration,Luminal mild,superficial ulcers,UCEIS-6,Moderate,Marked,there is complete obliteration of the vascular pattern the mucosa demonstrates marked erythema moderate friability and superficial ulcers luminal mild bleeding is present these findings support a mes2
clhps4yw2004y07u9fqz04v2l,image_folder/image_clhps4yw2004y07u9fqz04v2l.jpg,MES-2,complete obliteration,Luminal mild,superficial ulcers,UCEIS-6,Moderate,Marked,there is complete obliteration of the vascular pattern the mucosa demonstrates marked erythema moderate friability and superficial ulcers luminal mild bleeding is present these findings support a mes2
clhi16m9605p607xbf4yl0lll,image_folder/image_clhi16m9605p607xbf4yl0lll.jpg,MES-0,Normal,no visible,no visible erosions,UCEIS-0,no visible,no visible,normal vascular pattern normal mucosa no visible erosions and no visible bleeding these findings support a mes0
Image_7460942,image_folder/Image_7460942.png,MES-0,Normal,no visible,no visible erosions,UCEIS-0,no visible,no visible,normal vascular pattern normal mucosa no visible erosions and no visible bleeding these findings support a mes0
clhzeeycb0bcv0707h6yf2lp5,image_folder/image_clhzeeycb0bcv0707h6yf2lp5.jpg,MES-1,complete obliteration,no visible,no visible erosions,UCEIS-2,Low,Moderate,there is complete obliteration of the vascular pattern the mucosa demonstrates moderate erythema low friability and no visible erosions no visible bleeding is present these findings support a mes1
clhs2shjd05jb07ze15j1abxf,image_folder/image_clhs2shjd05jb07ze15j1abxf.jpg,MES-2,complete obliteration,no visible,Erosions,UCEIS-3,Low,Marked,there is complete obliteration of the vascular pattern the mucosa demonstrates marked erythema low friability and erosions no visible bleeding is present these findings support a mes2
Image_850145,image_folder/Image_850145.png,MES-0,Normal,no visible,no visible erosions,UCEIS-0,no visible,no visible,normal vascular pattern normal mucosa no visible erosions and no visible bleeding these findings support a mes0
clhsloh4z00pu07zd7pya1ggo,image_folder/image_clhsloh4z00pu07zd7pya1ggo.jpg,MES-2,complete obliteration,no visible,Erosions,UCEIS-3,Low,Moderate,there is complete obliteration of the vascular pattern the mucosa demonstrates moderate erythema low friability and erosions no visible bleeding is present these findings support a mes2
clhps6bpf01it07wt9l9mgm0k,image_folder/image_clhps6bpf01it07wt9l9mgm0k.jpg,MES-2,complete obliteration,Mucosal,superficial ulcers,UCEIS-5,Low,Marked,there is complete obliteration of the vascular pattern the mucosa demonstrates marked erythema low friability and superficial ulcers mucosal bleeding is present these findings support a mes2
clhz6py8r0ra7071256xxfe5e,image_folder/image_clhz6py8r0ra7071256xxfe5e.jpg,MES-1,complete obliteration,no visible,no visible erosions,UCEIS-2,Low,Moderate,there is complete obliteration of the vascular pattern the mucosa demonstrates moderate erythema low friability and no visible erosions no visible bleeding is present these findings support a mes1
clhzqq1ez00i507vvbg5ve666,image_folder/image_clhzqq1ez00i507vvbg5ve666.jpg,MES-1,Patchy obliteration,Mucosal,superficial ulcers,UCEIS-4,Low,Moderate,there is patchy obliteration of the vascular pattern the mucosa demonstrates moderate erythema low friability and superficial ulcers mucosal bleeding is present these findings support a mes1
clhzpwpyi01uy07vz7kv101cp,image_folder/image_clhzpwpyi01uy07vz7kv101cp.jpg,MES-1,Patchy obliteration,no visible,no visible erosions,UCEIS-1,Low,Moderate,there is patchy obliteration of the vascular pattern the mucosa demonstrates moderate erythema low friability and no visible erosions no visible bleeding is present these findings support a mes1
clhs52mk40mzb07zhak4shu32,image_folder/image_clhs52mk40mzb07zhak4shu32.jpg,MES-1,Patchy obliteration,no visible,Erosions,UCEIS-2,Low,Moderate,there is patchy obliteration of the vascular pattern the mucosa demonstrates moderate erythema low friability and erosions no visible bleeding is present these findings support a mes1
cli102fbs05xd070mhury0rtx,image_folder/image_cli102fbs05xd070mhury0rtx.jpg,MES-2,complete obliteration,Luminal mild,superficial ulcers,UCEIS-6,Moderate,Marked,there is complete obliteration of the vascular pattern the mucosa demonstrates marked erythema moderate friability and superficial ulcers luminal mild bleeding is present these findings support a mes2
clhzggd6301tf07st6hhr2hwr,image_folder/image_clhzggd6301tf07st6hhr2hwr.jpg,MES-2,complete obliteration,Luminal mild,superficial ulcers,UCEIS-6,Moderate,Marked,there is complete obliteration of the vascular pattern the mucosa demonstrates marked erythema moderate friability and superficial ulcers luminal mild bleeding is present these findings support a mes2
cli0o2awy0288071x7burcr0q,image_folder/image_cli0o2awy0288071x7burcr0q.jpg,MES-2,complete obliteration,no visible,Erosions,UCEIS-3,Moderate,Marked,there is complete obliteration of the vascular pattern the mucosa demonstrates marked erythema moderate friability and erosions no visible bleeding is present these findings support a mes2
Image_7444030,image_folder/Image_7444030.png,MES-0,Normal,no visible,no visible erosions,UCEIS-0,no visible,no visible,normal vascular pattern normal mucosa no visible erosions and no visible bleeding these findings support a mes0
clhv8dow80sa8070547p28kw8,image_folder/image_clhv8dow80sa8070547p28kw8.jpg,MES-2,complete obliteration,no visible,no visible erosions,UCEIS-2,Moderate,Moderate,there is complete obliteration of the vascular pattern the mucosa demonstrates moderate erythema moderate friability and no visible erosions no visible bleeding is present these findings support a mes2
clhz5fdmd02jc074l9gt4h26t,image_folder/image_clhz5fdmd02jc074l9gt4h26t.jpg,MES-1,Patchy obliteration,no visible,Erosions,UCEIS-2,Low,Moderate,there is patchy obliteration of the vascular pattern the mucosa demonstrates moderate erythema low friability and erosions no visible bleeding is present these findings support a mes1
cli0libdq02oq07vy5s3rhh7t,image_folder/image_cli0libdq02oq07vy5s3rhh7t.jpg,MES-2,complete obliteration,no visible,Erosions,UCEIS-3,Moderate,Marked,there is complete obliteration of the vascular pattern the mucosa demonstrates marked erythema moderate friability and erosions no visible bleeding is present these findings support a mes2
clhttdol809fi074tdvcn4hyv,image_folder/image_clhttdol809fi074tdvcn4hyv.jpg,MES-2,complete obliteration,Mucosal,Erosions,UCEIS-4,Moderate,Marked,there is complete obliteration of the vascular pattern the mucosa demonstrates marked erythema moderate friability and erosions mucosal bleeding is present these findings support a mes2
cli0zdos90sd2070xf25sgvbj,image_folder/image_cli0zdos90sd2070xf25sgvbj.jpg,MES-3,complete obliteration,luminal severe,deep ulcers,UCEIS-8,Severe,Marked,there is complete obliteration of the vascular pattern the mucosa demonstrates marked erythema severe friability and deep ulcers luminal severe bleeding is present these findings support a mes3
cli0zfiun0gtd070qaxrz9m35,image_folder/image_cli0zfiun0gtd070qaxrz9m35.jpg,MES-2,complete obliteration,no visible,no visible erosions,UCEIS-2,Moderate,Marked,there is complete obliteration of the vascular pattern the mucosa demonstrates marked erythema moderate friability and no visible erosions no visible bleeding is present these findings support a mes2
clhsme8bg01gy07xq6eha2wjd,image_folder/image_clhsme8bg01gy07xq6eha2wjd.jpg,MES-2,complete obliteration,no visible,Erosions,UCEIS-3,Low,no visible,there is complete obliteration of the vascular pattern the mucosa demonstrates no visible erythema low friability and erosions no visible bleeding is present these findings support a mes2
clhhzmrxs012m07vz78gmhqut,image_folder/image_clhhzmrxs012m07vz78gmhqut.jpg,MES-1,Patchy obliteration,no visible,no visible erosions,UCEIS-1,no visible,no visible,there is patchy obliteration of the vascular pattern the mucosa demonstrates no visible erythema no visible friability and no visible erosions no visible bleeding is present these findings support a mes1
clhqphbci0iuh07zp531g2wcd,image_folder/image_clhqphbci0iuh07zp531g2wcd.jpg,MES-2,complete obliteration,no visible,Erosions,UCEIS-3,Severe,Marked,there is complete obliteration of the vascular pattern the mucosa demonstrates marked erythema severe friability and erosions no visible bleeding is present these findings support a mes2
clhqi9koc04q507xia2v61qy2,image_folder/image_clhqi9koc04q507xia2v61qy2.jpg,MES-2,complete obliteration,no visible,Erosions,UCEIS-3,Moderate,Marked,there is complete obliteration of the vascular pattern the mucosa demonstrates marked erythema moderate friability and erosions no visible bleeding is present these findings support a mes2
cli1vi5gr02a20744d2qvb6wo,image_folder/image_cli1vi5gr02a20744d2qvb6wo.jpg,MES-1,Patchy obliteration,no visible,no visible erosions,UCEIS-1,Low,Moderate,there is patchy obliteration of the vascular pattern the mucosa demonstrates moderate erythema low friability and no visible erosions no visible bleeding is present these findings support a mes1
clhrz67y107ar07y5cyg20l0j,image_folder/image_clhrz67y107ar07y5cyg20l0j.jpg,MES-1,Patchy obliteration,no visible,Erosions,UCEIS-2,Low,Marked,there is patchy obliteration of the vascular pattern the mucosa demonstrates marked erythema low friability and erosions no visible bleeding is present these findings support a mes1
clhqir7h705v607z4aiju0955,image_folder/image_clhqir7h705v607z4aiju0955.jpg,MES-3,complete obliteration,Mucosal,superficial ulcers,UCEIS-5,Severe,Marked,there is complete obliteration of the vascular pattern the mucosa demonstrates marked erythema severe friability and superficial ulcers mucosal bleeding is present these findings support a mes3
clhs22ygi04fg07v6f6g9a2zj,image_folder/image_clhs22ygi04fg07v6f6g9a2zj.jpg,MES-3,complete obliteration,no visible,Erosions,UCEIS-3,Moderate,Marked,there is complete obliteration of the vascular pattern the mucosa demonstrates marked erythema moderate friability and erosions no visible bleeding is present these findings support a mes3
clhzesxa40o72070gfihvgmj8,image_folder/image_clhzesxa40o72070gfihvgmj8.jpg,MES-2,complete obliteration,no visible,Erosions,UCEIS-3,Low,Moderate,there is complete obliteration of the vascular pattern the mucosa demonstrates moderate erythema low friability and erosions no visible bleeding is present these findings support a mes2
clhs5kawh086q07xtb1ub0wya,image_folder/image_clhs5kawh086q07xtb1ub0wya.jpg,MES-1,Patchy obliteration,no visible,superficial ulcers,UCEIS-3,Low,Moderate,there is patchy obliteration of the vascular pattern the mucosa demonstrates moderate erythema low friability and superficial ulcers no visible bleeding is present these findings support a mes1
clhtrdlz502qt0709czwwhesn,image_folder/image_clhtrdlz502qt0709czwwhesn.jpg,MES-2,complete obliteration,no visible,Erosions,UCEIS-3,Low,Marked,there is complete obliteration of the vascular pattern the mucosa demonstrates marked erythema low friability and erosions no visible bleeding is present these findings support a mes2
clhzq6h1p00i307sz8g6h9n7y,image_folder/image_clhzq6h1p00i307sz8g6h9n7y.jpg,MES-2,complete obliteration,no visible,Erosions,UCEIS-3,Low,Moderate,there is complete obliteration of the vascular pattern the mucosa demonstrates moderate erythema low friability and erosions no visible bleeding is present these findings support a mes2
clhi0yq0u08kt07yn1s024sgd,image_folder/image_clhi0yq0u08kt07yn1s024sgd.jpg,MES-0,Normal,no visible,no visible erosions,UCEIS-0,no visible,no visible,normal vascular pattern normal mucosa no visible erosions and no visible bleeding these findings support a mes0
clhz4vaxw0fk00713dm9z9yby,image_folder/image_clhz4vaxw0fk00713dm9z9yby.jpg,MES-3,complete obliteration,Mucosal,superficial ulcers,UCEIS-5,Moderate,Marked,there is complete obliteration of the vascular pattern the mucosa demonstrates marked erythema moderate friability and superficial ulcers mucosal bleeding is present these findings support a mes3
cli10aosi03c70705euucb0de,image_folder/image_cli10aosi03c70705euucb0de.jpg,MES-1,Patchy obliteration,no visible,no visible erosions,UCEIS-1,Low,Moderate,there is patchy obliteration of the vascular pattern the mucosa demonstrates moderate erythema low friability and no visible erosions no visible bleeding is present these findings support a mes1
clhzej5qq00yh072i9hw5henh,image_folder/image_clhzej5qq00yh072i9hw5henh.jpg,MES-2,complete obliteration,no visible,no visible erosions,UCEIS-2,Low,Moderate,there is complete obliteration of the vascular pattern the mucosa demonstrates moderate erythema low friability and no visible erosions no visible bleeding is present these findings support a mes2
Image_843036,image_folder/Image_843036.png,MES-0,Normal,no visible,no visible erosions,UCEIS-0,no visible,no visible,normal vascular pattern normal mucosa no visible erosions and no visible bleeding these findings support a mes0
clhzgedas02ez07v6go3t7zj0,image_folder/image_clhzgedas02ez07v6go3t7zj0.jpg,MES-2,complete obliteration,no visible,no visible erosions,UCEIS-2,Low,Moderate,there is complete obliteration of the vascular pattern the mucosa demonstrates moderate erythema low friability and no visible erosions no visible bleeding is present these findings support a mes2
clhv91c7g0176072lexvreeis,image_folder/image_clhv91c7g0176072lexvreeis.jpg,MES-2,complete obliteration,Mucosal,Erosions,UCEIS-4,Moderate,Marked,there is complete obliteration of the vascular pattern the mucosa demonstrates marked erythema moderate friability and erosions mucosal bleeding is present these findings support a mes2
clhsmfq0u01zq07ywcimg3azy,image_folder/image_clhsmfq0u01zq07ywcimg3azy.jpg,MES-2,complete obliteration,Mucosal,Erosions,UCEIS-4,Moderate,Marked,there is complete obliteration of the vascular pattern the mucosa demonstrates marked erythema moderate friability and erosions mucosal bleeding is present these findings support a mes2
cli10vhbc0w50070x5wei3lbh,image_folder/image_cli10vhbc0w50070x5wei3lbh.jpg,MES-2,Patchy obliteration,Mucosal,superficial ulcers,UCEIS-4,Moderate,Marked,there is patchy obliteration of the vascular pattern the mucosa demonstrates marked erythema moderate friability and superficial ulcers mucosal bleeding is present these findings support a mes2
clhtqw0as01rt073j56bibwwv,image_folder/image_clhtqw0as01rt073j56bibwwv.jpg,MES-2,complete obliteration,no visible,no visible erosions,UCEIS-2,Low,Moderate,there is complete obliteration of the vascular pattern the mucosa demonstrates moderate erythema low friability and no visible erosions no visible bleeding is present these findings support a mes2
clhskhd8d000l0712a5c77ayq,image_folder/image_clhskhd8d000l0712a5c77ayq.jpg,MES-2,complete obliteration,no visible,Erosions,UCEIS-3,Moderate,Marked,there is complete obliteration of the vascular pattern the mucosa demonstrates marked erythema moderate friability and erosions no visible bleeding is present these findings support a mes2
clhs2psqo0j2w071ndmu2azy4,image_folder/image_clhs2psqo0j2w071ndmu2azy4.jpg,MES-3,complete obliteration,no visible,Erosions,UCEIS-3,Moderate,Marked,there is complete obliteration of the vascular pattern the mucosa demonstrates marked erythema moderate friability and erosions no visible bleeding is present these findings support a mes3
Image_2092037,image_folder/Image_2092037.png,MES-0,Normal,no visible,no visible erosions,UCEIS-0,no visible,no visible,normal vascular pattern normal mucosa no visible erosions and no visible bleeding these findings support a mes0
clhtrb6kz3b3d074c5tow7r22,image_folder/image_clhtrb6kz3b3d074c5tow7r22.jpg,MES-3,complete obliteration,luminal severe,deep ulcers,UCEIS-8,Severe,Marked,there is complete obliteration of the vascular pattern the mucosa demonstrates marked erythema severe friability and deep ulcers luminal severe bleeding is present these findings support a mes3
clhzqmgov00h107yb8aizc43n,image_folder/image_clhzqmgov00h107yb8aizc43n.jpg,MES-3,complete obliteration,luminal severe,deep ulcers,UCEIS-8,Severe,Marked,there is complete obliteration of the vascular pattern the mucosa demonstrates marked erythema severe friability and deep ulcers luminal severe bleeding is present these findings support a mes3
cli19gxzh03cw073s5n1acedw,image_folder/image_cli19gxzh03cw073s5n1acedw.jpg,MES-1,Patchy obliteration,no visible,Erosions,UCEIS-2,Low,Moderate,there is patchy obliteration of the vascular pattern the mucosa demonstrates moderate erythema low friability and erosions no visible bleeding is present these findings support a mes1
clhzqt7kz00w507vshqkq87x8,image_folder/image_clhzqt7kz00w507vshqkq87x8.jpg,MES-3,complete obliteration,Luminal mild,deep ulcers,UCEIS-7,Severe,Marked,there is complete obliteration of the vascular pattern the mucosa demonstrates marked erythema severe friability and deep ulcers luminal mild bleeding is present these findings support a mes3
clhv8hzi601gk072oewazbqde,image_folder/image_clhv8hzi601gk072oewazbqde.jpg,MES-2,complete obliteration,Mucosal,Erosions,UCEIS-4,Moderate,Marked,there is complete obliteration of the vascular pattern the mucosa demonstrates marked erythema moderate friability and erosions mucosal bleeding is present these findings support a mes2
clhsls26601ky07zkgeui1gtp,image_folder/image_clhsls26601ky07zkgeui1gtp.jpg,MES-1,complete obliteration,no visible,Erosions,UCEIS-3,Low,Moderate,there is complete obliteration of the vascular pattern the mucosa demonstrates moderate erythema low friability and erosions no visible bleeding is present these findings support a mes1
cli0ko2lm0mtj07uido5uaj7f,image_folder/image_cli0ko2lm0mtj07uido5uaj7f.jpg,MES-2,complete obliteration,Mucosal,Erosions,UCEIS-4,Moderate,Marked,there is complete obliteration of the vascular pattern the mucosa demonstrates marked erythema moderate friability and erosions mucosal bleeding is present these findings support a mes2
clhtrsjc003as0731084ie7hw,image_folder/image_clhtrsjc003as0731084ie7hw.jpg,MES-1,Patchy obliteration,no visible,Erosions,UCEIS-2,Low,Moderate,there is patchy obliteration of the vascular pattern the mucosa demonstrates moderate erythema low friability and erosions no visible bleeding is present these findings support a mes1
cli10sq5g0cx3072h4dvjg5dg,image_folder/image_cli10sq5g0cx3072h4dvjg5dg.jpg,MES-2,complete obliteration,no visible,no visible erosions,UCEIS-2,Low,Moderate,there is complete obliteration of the vascular pattern the mucosa demonstrates moderate erythema low friability and no visible erosions no visible bleeding is present these findings support a mes2
clhpsjo4k01qv07zz09hyge84,image_folder/image_clhpsjo4k01qv07zz09hyge84.jpg,MES-2,complete obliteration,no visible,Erosions,UCEIS-3,Low,Moderate,there is complete obliteration of the vascular pattern the mucosa demonstrates moderate erythema low friability and erosions no visible bleeding is present these findings support a mes2
cli19qqmy01n6070w4r5rcp9f,image_folder/image_cli19qqmy01n6070w4r5rcp9f.jpg,MES-2,complete obliteration,Mucosal,Erosions,UCEIS-4,Low,Moderate,there is complete obliteration of the vascular pattern the mucosa demonstrates moderate erythema low friability and erosions mucosal bleeding is present these findings support a mes2
clhz7aaum0t1807zb8hfmatsz,image_folder/image_clhz7aaum0t1807zb8hfmatsz.jpg,MES-1,Patchy obliteration,no visible,no visible erosions,UCEIS-1,Low,Moderate,there is patchy obliteration of the vascular pattern the mucosa demonstrates moderate erythema low friability and no visible erosions no visible bleeding is present these findings support a mes1
clhskfoqg00e1070i15r38dse,image_folder/image_clhskfoqg00e1070i15r38dse.jpg,MES-2,complete obliteration,no visible,Erosions,UCEIS-3,Low,Moderate,there is complete obliteration of the vascular pattern the mucosa demonstrates moderate erythema low friability and erosions no visible bleeding is present these findings support a mes2
Image_7434515,image_folder/Image_7434515.png,MES-0,Normal,no visible,no visible erosions,UCEIS-0,no visible,no visible,normal vascular pattern normal mucosa no visible erosions and no visible bleeding these findings support a mes0
clhzey8a80nhg07249cv3hder,image_folder/image_clhzey8a80nhg07249cv3hder.jpg,MES-2,complete obliteration,Mucosal,superficial ulcers,UCEIS-5,Moderate,Marked,there is complete obliteration of the vascular pattern the mucosa demonstrates marked erythema moderate friability and superficial ulcers mucosal bleeding is present these findings support a mes2
clhzgtdxe04vh07vt4y72gmav,image_folder/image_clhzgtdxe04vh07vt4y72gmav.jpg,MES-2,complete obliteration,Luminal mild,superficial ulcers,UCEIS-6,Moderate,Marked,there is complete obliteration of the vascular pattern the mucosa demonstrates marked erythema moderate friability and superficial ulcers luminal mild bleeding is present these findings support a mes2
clhtqgnj7052g074t5wsy6frr,image_folder/image_clhtqgnj7052g074t5wsy6frr.jpg,MES-2,complete obliteration,Luminal mild,superficial ulcers,UCEIS-6,Moderate,Marked,there is complete obliteration of the vascular pattern the mucosa demonstrates marked erythema moderate friability and superficial ulcers luminal mild bleeding is present these findings support a mes2
clhskr4kr006q0712b4gh5da3,image_folder/image_clhskr4kr006q0712b4gh5da3.jpg,MES-3,complete obliteration,Luminal mild,deep ulcers,UCEIS-7,Severe,Marked,there is complete obliteration of the vascular pattern the mucosa demonstrates marked erythema severe friability and deep ulcers luminal mild bleeding is present these findings support a mes3
clhqkku7s029e071j5n397o5r,image_folder/image_clhqkku7s029e071j5n397o5r.jpg,MES-3,complete obliteration,no visible,superficial ulcers,UCEIS-4,Severe,Marked,there is complete obliteration of the vascular pattern the mucosa demonstrates marked erythema severe friability and superficial ulcers no visible bleeding is present these findings support a mes3
cli1wi80u0328072d3v4zfpdx,image_folder/image_cli1wi80u0328072d3v4zfpdx.jpg,MES-2,complete obliteration,Mucosal,Erosions,UCEIS-4,Moderate,Marked,there is complete obliteration of the vascular pattern the mucosa demonstrates marked erythema moderate friability and erosions mucosal bleeding is present these findings support a mes2
clhi3y24o0ebn07ybfaxpaa82,image_folder/image_clhi3y24o0ebn07ybfaxpaa82.jpg,MES-1,Patchy obliteration,Mucosal,Erosions,UCEIS-2,Low,Moderate,there is patchy obliteration of the vascular pattern the mucosa demonstrates moderate erythema low friability and erosions mucosal bleeding is present these findings support a mes1
cli13bsbd0266070bdbz19l40,image_folder/image_cli13bsbd0266070bdbz19l40.jpg,MES-1,Patchy obliteration,no visible,no visible erosions,UCEIS-1,Low,Moderate,there is patchy obliteration of the vascular pattern the mucosa demonstrates moderate erythema low friability and no visible erosions no visible bleeding is present these findings support a mes1
clhz2xaaz05z0073lc5jnb21n,image_folder/image_clhz2xaaz05z0073lc5jnb21n.jpg,MES-1,complete obliteration,no visible,Erosions,UCEIS-3,Low,Moderate,there is complete obliteration of the vascular pattern the mucosa demonstrates moderate erythema low friability and erosions no visible bleeding is present these findings support a mes1
clhp6zowm02vo070a13pagxmh,image_folder/image_clhp6zowm02vo070a13pagxmh.jpg,MES-3,complete obliteration,Mucosal,deep ulcers,UCEIS-6,Severe,Marked,there is complete obliteration of the vascular pattern the mucosa demonstrates marked erythema severe friability and deep ulcers mucosal bleeding is present these findings support a mes3
cli13dl0h0b3b07yf1pbie17b,image_folder/image_cli13dl0h0b3b07yf1pbie17b.jpg,MES-1,Patchy obliteration,no visible,no visible erosions,UCEIS-1,no visible,no visible,there is patchy obliteration of the vascular pattern the mucosa demonstrates no visible erythema no visible friability and no visible erosions no visible bleeding is present these findings support a mes1
clhz59j2u0lqc07246m8wdza3,image_folder/image_clhz59j2u0lqc07246m8wdza3.jpg,MES-1,Patchy obliteration,no visible,Erosions,UCEIS-2,Low,Moderate,there is patchy obliteration of the vascular pattern the mucosa demonstrates moderate erythema low friability and erosions no visible bleeding is present these findings support a mes1
cli0lwll10inl07sg8opn6et8,image_folder/image_cli0lwll10inl07sg8opn6et8.jpg,MES-2,complete obliteration,no visible,no visible erosions,UCEIS-2,Moderate,Marked,there is complete obliteration of the vascular pattern the mucosa demonstrates marked erythema moderate friability and no visible erosions no visible bleeding is present these findings support a mes2
cli13freb0f79072h2g9g13mq,image_folder/image_cli13freb0f79072h2g9g13mq.jpg,MES-3,complete obliteration,luminal severe,deep ulcers,UCEIS-8,Severe,Marked,there is complete obliteration of the vascular pattern the mucosa demonstrates marked erythema severe friability and deep ulcers luminal severe bleeding is present these findings support a mes3
cli0zsfhw07q507zn0q8bcymk,image_folder/image_cli0zsfhw07q507zn0q8bcymk.jpg,MES-2,complete obliteration,no visible,no visible erosions,UCEIS-2,Low,Moderate,there is complete obliteration of the vascular pattern the mucosa demonstrates moderate erythema low friability and no visible erosions no visible bleeding is present these findings support a mes2
Image_413902,image_folder/Image_413902.png,MES-0,Normal,no visible,no visible erosions,UCEIS-0,no visible,no visible,normal vascular pattern normal mucosa no visible erosions and no visible bleeding these findings support a mes0
Image_7453424,image_folder/Image_7453424.png,MES-0,Normal,no visible,no visible erosions,UCEIS-0,no visible,no visible,normal vascular pattern normal mucosa no visible erosions and no visible bleeding these findings support a mes0
cli0jqz3i001p07todjpa3bxp,image_folder/image_cli0jqz3i001p07todjpa3bxp.jpg,MES-2,complete obliteration,Luminal mild,superficial ulcers,UCEIS-6,Moderate,Marked,there is complete obliteration of the vascular pattern the mucosa demonstrates marked erythema moderate friability and superficial ulcers luminal mild bleeding is present these findings support a mes2
cli0kpwdi0m5c07ww63yi1bio,image_folder/image_cli0kpwdi0m5c07ww63yi1bio.jpg,MES-1,complete obliteration,no visible,Erosions,UCEIS-3,Low,Moderate,there is complete obliteration of the vascular pattern the mucosa demonstrates moderate erythema low friability and erosions no visible bleeding is present these findings support a mes1
clhtrwg4l053c070iajuv0vri,image_folder/image_clhtrwg4l053c070iajuv0vri.jpg,MES-2,complete obliteration,no visible,no visible erosions,UCEIS-2,Moderate,Marked,there is complete obliteration of the vascular pattern the mucosa demonstrates marked erythema moderate friability and no visible erosions no visible bleeding is present these findings support a mes2
clhp6ox7b09fd07yg5b9rf79e,image_folder/image_clhp6ox7b09fd07yg5b9rf79e.jpg,MES-2,complete obliteration,no visible,no visible erosions,UCEIS-2,Moderate,Moderate,there is complete obliteration of the vascular pattern the mucosa demonstrates moderate erythema moderate friability and no visible erosions no visible bleeding is present these findings support a mes2
cli0j8h6q146r07ue45bt96jc,image_folder/image_cli0j8h6q146r07ue45bt96jc.jpg,MES-2,complete obliteration,Mucosal,Erosions,UCEIS-4,Moderate,Marked,there is complete obliteration of the vascular pattern the mucosa demonstrates marked erythema moderate friability and erosions mucosal bleeding is present these findings support a mes2
clhtrpbve02ym070g4mi9b5qs,image_folder/image_clhtrpbve02ym070g4mi9b5qs.jpg,MES-2,complete obliteration,Mucosal,Erosions,UCEIS-4,Moderate,Moderate,there is complete obliteration of the vascular pattern the mucosa demonstrates moderate erythema moderate friability and erosions mucosal bleeding is present these findings support a mes2
clhv8unah002y070ycb9i91xm,image_folder/image_clhv8unah002y070ycb9i91xm.jpg,MES-2,complete obliteration,Mucosal,Erosions,UCEIS-4,Moderate,Marked,there is complete obliteration of the vascular pattern the mucosa demonstrates marked erythema moderate friability and erosions mucosal bleeding is present these findings support a mes2
cli19vts203p40709drng4ees,image_folder/image_cli19vts203p40709drng4ees.jpg,MES-1,Patchy obliteration,no visible,Erosions,UCEIS-2,Low,Moderate,there is patchy obliteration of the vascular pattern the mucosa demonstrates moderate erythema low friability and erosions no visible bleeding is present these findings support a mes1
Image_166118,image_folder/Image_166118.png,MES-0,Normal,no visible,no visible erosions,UCEIS-0,no visible,no visible,normal vascular pattern normal mucosa no visible erosions and no visible bleeding these findings support a mes0
clhrzf1js08lf07z9auh3b9ac,image_folder/image_clhrzf1js08lf07z9auh3b9ac.jpg,MES-3,complete obliteration,luminal severe,deep ulcers,UCEIS-8,Severe,Marked,there is complete obliteration of the vascular pattern the mucosa demonstrates marked erythema severe friability and deep ulcers luminal severe bleeding is present these findings support a mes3
clhqpd56h01tj07xf4inkdm1m,image_folder/image_clhqpd56h01tj07xf4inkdm1m.jpg,MES-1,Patchy obliteration,no visible,Erosions,UCEIS-3,Low,Marked,there is patchy obliteration of the vascular pattern the mucosa demonstrates marked erythema low friability and erosions no visible bleeding is present these findings support a mes1
clhz6x7s705mp07242zn7dbpo,image_folder/image_clhz6x7s705mp07242zn7dbpo.jpg,MES-2,complete obliteration,no visible,no visible erosions,UCEIS-2,Low,Moderate,there is complete obliteration of the vascular pattern the mucosa demonstrates moderate erythema low friability and no visible erosions no visible bleeding is present these findings support a mes2
cli0ziy6606s107311y997lrg,image_folder/image_cli0ziy6606s107311y997lrg.jpg,MES-3,complete obliteration,luminal severe,deep ulcers,UCEIS-8,Severe,Marked,there is complete obliteration of the vascular pattern the mucosa demonstrates marked erythema severe friability and deep ulcers luminal severe bleeding is present these findings support a mes3
cli10ykig07gw070l7zi0gr9n,image_folder/image_cli10ykig07gw070l7zi0gr9n.jpg,MES-3,complete obliteration,Luminal mild,deep ulcers,UCEIS-7,Severe,Marked,there is complete obliteration of the vascular pattern the mucosa demonstrates marked erythema severe friability and deep ulcers luminal mild bleeding is present these findings support a mes3
clhsklosu002m073ce5fl9myt,image_folder/image_clhsklosu002m073ce5fl9myt.jpg,MES-1,complete obliteration,no visible,Erosions,UCEIS-3,Low,Moderate,there is complete obliteration of the vascular pattern the mucosa demonstrates moderate erythema low friability and erosions no visible bleeding is present these findings support a mes1
clhz57k1105yd0740d4w8b5eo,image_folder/image_clhz57k1105yd0740d4w8b5eo.jpg,MES-3,complete obliteration,Mucosal,deep ulcers,UCEIS-6,Severe,Marked,there is complete obliteration of the vascular pattern the mucosa demonstrates marked erythema severe friability and deep ulcers mucosal bleeding is present these findings support a mes3
cli0z5m0g0r4b071u0qd65z7l,image_folder/image_cli0z5m0g0r4b071u0qd65z7l.jpg,MES-3,complete obliteration,luminal severe,deep ulcers,UCEIS-8,Severe,Marked,there is complete obliteration of the vascular pattern the mucosa demonstrates marked erythema severe friability and deep ulcers luminal severe bleeding is present these findings support a mes3
cli135spt014m0731capp0vg2,image_folder/image_cli135spt014m0731capp0vg2.jpg,MES-1,Patchy obliteration,no visible,no visible erosions,UCEIS-1,Low,Moderate,there is patchy obliteration of the vascular pattern the mucosa demonstrates moderate erythema low friability and no visible erosions no visible bleeding is present these findings support a mes1
clhzea2ou0sne07072dzubupc,image_folder/image_clhzea2ou0sne07072dzubupc.jpg,MES-2,complete obliteration,Mucosal,Erosions,UCEIS-4,Low,Moderate,there is complete obliteration of the vascular pattern the mucosa demonstrates moderate erythema low friability and erosions mucosal bleeding is present these findings support a mes2
clhpntrq400hh07xx4bkeb1ut,image_folder/image_clhpntrq400hh07xx4bkeb1ut.jpg,MES-2,complete obliteration,no visible,no visible erosions,UCEIS-2,no visible,Marked,there is complete obliteration of the vascular pattern the mucosa demonstrates marked erythema no visible friability and no visible erosions no visible bleeding is present these findings support a mes2
clhryyy74006n07xqesc5cdpg,image_folder/image_clhryyy74006n07xqesc5cdpg.jpg,MES-3,complete obliteration,Mucosal,superficial ulcers,UCEIS-5,Moderate,Marked,there is complete obliteration of the vascular pattern the mucosa demonstrates marked erythema moderate friability and superficial ulcers mucosal bleeding is present these findings support a mes3
clhrzvr2w0gaw07zhbya42uuc,image_folder/image_clhrzvr2w0gaw07zhbya42uuc.jpg,MES-2,complete obliteration,no visible,deep ulcers,UCEIS-5,Moderate,Marked,there is complete obliteration of the vascular pattern the mucosa demonstrates marked erythema moderate friability and deep ulcers no visible bleeding is present these findings support a mes2
cli0n65n300n5073jhb87ec1g,image_folder/image_cli0n65n300n5073jhb87ec1g.jpg,MES-1,Patchy obliteration,no visible,no visible erosions,UCEIS-1,Low,Moderate,there is patchy obliteration of the vascular pattern the mucosa demonstrates moderate erythema low friability and no visible erosions no visible bleeding is present these findings support a mes1
clhqkm4de0bc607xc35tob65b,image_folder/image_clhqkm4de0bc607xc35tob65b.jpg,MES-2,complete obliteration,no visible,no visible erosions,UCEIS-2,Moderate,Moderate,there is complete obliteration of the vascular pattern the mucosa demonstrates moderate erythema moderate friability and no visible erosions no visible bleeding is present these findings support a mes2
clhqpmne106rj07zh5pd58u1e,image_folder/image_clhqpmne106rj07zh5pd58u1e.jpg,MES-2,complete obliteration,no visible,no visible erosions,UCEIS-2,Moderate,Marked,there is complete obliteration of the vascular pattern the mucosa demonstrates marked erythema moderate friability and no visible erosions no visible bleeding is present these findings support a mes2
clhqic43f0bqi0714h7nv6ssv,image_folder/image_clhqic43f0bqi0714h7nv6ssv.jpg,MES-2,complete obliteration,no visible,Erosions,UCEIS-3,Low,Marked,there is complete obliteration of the vascular pattern the mucosa demonstrates marked erythema low friability and erosions no visible bleeding is present these findings support a mes2
clhtsjbz705bf0709ez7z9vqn,image_folder/image_clhtsjbz705bf0709ez7z9vqn.jpg,MES-2,complete obliteration,no visible,Erosions,UCEIS-3,Low,Moderate,there is complete obliteration of the vascular pattern the mucosa demonstrates moderate erythema low friability and erosions no visible bleeding is present these findings support a mes2
clhzezd140o1l074hhcqghqxp,image_folder/image_clhzezd140o1l074hhcqghqxp.jpg,MES-1,Patchy obliteration,no visible,Erosions,UCEIS-2,Low,Moderate,there is patchy obliteration of the vascular pattern the mucosa demonstrates moderate erythema low friability and erosions no visible bleeding is present these findings support a mes1
clhz4un1201iu071z3s2ceguq,image_folder/image_clhz4un1201iu071z3s2ceguq.jpg,MES-2,complete obliteration,no visible,Erosions,UCEIS-3,Moderate,Marked,there is complete obliteration of the vascular pattern the mucosa demonstrates marked erythema moderate friability and erosions no visible bleeding is present these findings support a mes2
clhz3f98w00lk0746aqqd77ve,image_folder/image_clhz3f98w00lk0746aqqd77ve.jpg,MES-2,complete obliteration,no visible,Erosions,UCEIS-3,Moderate,Marked,there is complete obliteration of the vascular pattern the mucosa demonstrates marked erythema moderate friability and erosions no visible bleeding is present these findings support a mes2
clhpr9kr2003l07wx8c4ralbc,image_folder/image_clhpr9kr2003l07wx8c4ralbc.jpg,MES-1,Patchy obliteration,no visible,Erosions,UCEIS-2,Low,Moderate,there is patchy obliteration of the vascular pattern the mucosa demonstrates moderate erythema low friability and erosions no visible bleeding is present these findings support a mes1
cli0ljuz7098x07um2aixgbmn,image_folder/image_cli0ljuz7098x07um2aixgbmn.jpg,MES-2,complete obliteration,Luminal mild,superficial ulcers,UCEIS-6,Moderate,Marked,there is complete obliteration of the vascular pattern the mucosa demonstrates marked erythema moderate friability and superficial ulcers luminal mild bleeding is present these findings support a mes2
clhzeddwl0nw1070gffofg8aq,image_folder/image_clhzeddwl0nw1070gffofg8aq.jpg,MES-2,complete obliteration,Mucosal,Erosions,UCEIS-4,Moderate,Marked,there is complete obliteration of the vascular pattern the mucosa demonstrates marked erythema moderate friability and erosions mucosal bleeding is present these findings support a mes2
clhtrodn102oh073ja8n82ccd,image_folder/image_clhtrodn102oh073ja8n82ccd.jpg,MES-0,Normal,no visible,no visible erosions,UCEIS-0,no visible,no visible,normal vascular pattern normal mucosa no visible erosions and no visible bleeding these findings support a mes0
cli0zzoii07du07030rsh3k60,image_folder/image_cli0zzoii07du07030rsh3k60.jpg,MES-2,complete obliteration,Mucosal,Erosions,UCEIS-4,Moderate,Marked,there is complete obliteration of the vascular pattern the mucosa demonstrates marked erythema moderate friability and erosions mucosal bleeding is present these findings support a mes2
clhtuxbzs0cmt07369gbz8fnf,image_folder/image_clhtuxbzs0cmt07369gbz8fnf.jpg,MES-1,complete obliteration,no visible,Erosions,UCEIS-2,Low,Moderate,there is complete obliteration of the vascular pattern the mucosa demonstrates moderate erythema low friability and erosions no visible bleeding is present these findings support a mes1
Image_2111436,image_folder/Image_2111436.png,MES-0,Normal,no visible,no visible erosions,UCEIS-0,no visible,no visible,normal vascular pattern normal mucosa no visible erosions and no visible bleeding these findings support a mes0
clhzgx5cj043b07v6d13m5fkl,image_folder/image_clhzgx5cj043b07v6d13m5fkl.jpg,MES-2,complete obliteration,Mucosal,superficial ulcers,UCEIS-5,Moderate,Marked,there is complete obliteration of the vascular pattern the mucosa demonstrates marked erythema moderate friability and superficial ulcers mucosal bleeding is present these findings support a mes2
clhsmeya50411070kafvbe9s7,image_folder/image_clhsmeya50411070kafvbe9s7.jpg,MES-1,Patchy obliteration,no visible,no visible erosions,UCEIS-1,Low,Moderate,there is patchy obliteration of the vascular pattern the mucosa demonstrates moderate erythema low friability and no visible erosions no visible bleeding is present these findings support a mes1
clhqte6n70lfd071jhr9t5o3s,image_folder/image_clhqte6n70lfd071jhr9t5o3s.jpg,MES-1,complete obliteration,no visible,no visible erosions,UCEIS-2,Low,Moderate,there is complete obliteration of the vascular pattern the mucosa demonstrates moderate erythema low friability and no visible erosions no visible bleeding is present these findings support a mes1
clhzg9cns03wm07tr4b6uceae,image_folder/image_clhzg9cns03wm07tr4b6uceae.jpg,MES-2,complete obliteration,no visible,no visible erosions,UCEIS-2,Low,Marked,there is complete obliteration of the vascular pattern the mucosa demonstrates marked erythema low friability and no visible erosions no visible bleeding is present these findings support a mes2
clhv9eetg0hd2072a6dvncwzx,image_folder/image_clhv9eetg0hd2072a6dvncwzx.jpg,MES-1,Patchy obliteration,no visible,no visible erosions,UCEIS-1,Low,Moderate,there is patchy obliteration of the vascular pattern the mucosa demonstrates moderate erythema low friability and no visible erosions no visible bleeding is present these findings support a mes1
clhs5rzps0cj307v684hx1s2b,image_folder/image_clhs5rzps0cj307v684hx1s2b.jpg,MES-0,Normal,no visible,no visible erosions,UCEIS-0,no visible,no visible,normal vascular pattern normal mucosa no visible erosions and no visible bleeding these findings support a mes0
clhs01n7g016b07yy50lq9rnn,image_folder/image_clhs01n7g016b07yy50lq9rnn.jpg,MES-2,complete obliteration,no visible,Erosions,UCEIS-3,Low,Moderate,there is complete obliteration of the vascular pattern the mucosa demonstrates moderate erythema low friability and erosions no visible bleeding is present these findings support a mes2
clhslpyso06x407zqcbpq3urn,image_folder/image_clhslpyso06x407zqcbpq3urn.jpg,MES-3,complete obliteration,luminal severe,deep ulcers,UCEIS-8,Severe,Marked,there is complete obliteration of the vascular pattern the mucosa demonstrates marked erythema severe friability and deep ulcers luminal severe bleeding is present these findings support a mes3
clhqqaz2703um07yu3vwgaaxg,image_folder/image_clhqqaz2703um07yu3vwgaaxg.jpg,MES-2,complete obliteration,no visible,Erosions,UCEIS-3,Low,Marked,there is complete obliteration of the vascular pattern the mucosa demonstrates marked erythema low friability and erosions no visible bleeding is present these findings support a mes2
cli110dgi07i6070l7ltf2s2v,image_folder/image_cli110dgi07i6070l7ltf2s2v.jpg,MES-2,complete obliteration,no visible,Erosions,UCEIS-3,Low,Moderate,there is complete obliteration of the vascular pattern the mucosa demonstrates moderate erythema low friability and erosions no visible bleeding is present these findings support a mes2
clhv8ru9h0p3o071o75qt76sa,image_folder/image_clhv8ru9h0p3o071o75qt76sa.jpg,MES-2,complete obliteration,no visible,no visible erosions,UCEIS-2,Low,Moderate,there is complete obliteration of the vascular pattern the mucosa demonstrates moderate erythema low friability and no visible erosions no visible bleeding is present these findings support a mes2
clhva59z105ho072l61eq5sh4,image_folder/image_clhva59z105ho072l61eq5sh4.jpg,MES-2,complete obliteration,no visible,Erosions,UCEIS-3,Moderate,Marked,there is complete obliteration of the vascular pattern the mucosa demonstrates marked erythema moderate friability and erosions no visible bleeding is present these findings support a mes2
clhz37gpw0f5f070af6xufv4t,image_folder/image_clhz37gpw0f5f070af6xufv4t.jpg,MES-2,complete obliteration,no visible,no visible erosions,UCEIS-2,Low,Moderate,there is complete obliteration of the vascular pattern the mucosa demonstrates moderate erythema low friability and no visible erosions no visible bleeding is present these findings support a mes2
Image_131990,image_folder/Image_131990.png,MES-0,Normal,no visible,no visible erosions,UCEIS-0,no visible,no visible,normal vascular pattern normal mucosa no visible erosions and no visible bleeding these findings support a mes0
clhz4j2s804o60740axcfhfj3,image_folder/image_clhz4j2s804o60740axcfhfj3.jpg,MES-2,complete obliteration,no visible,Erosions,UCEIS-3,Low,Moderate,there is complete obliteration of the vascular pattern the mucosa demonstrates moderate erythema low friability and erosions no visible bleeding is present these findings support a mes2
clhi3r42s06xj07vaa8qaggxq,image_folder/image_clhi3r42s06xj07vaa8qaggxq.jpg,MES-1,Patchy obliteration,no visible,no visible erosions,UCEIS-1,no visible,no visible,there is patchy obliteration of the vascular pattern the mucosa demonstrates no visible erythema no visible friability and no visible erosions no visible bleeding is present these findings support a mes1
clhtquudw05zj07546g3m29uj,image_folder/image_clhtquudw05zj07546g3m29uj.jpg,MES-2,complete obliteration,no visible,Erosions,UCEIS-3,Low,Moderate,there is complete obliteration of the vascular pattern the mucosa demonstrates moderate erythema low friability and erosions no visible bleeding is present these findings support a mes2
clhtqscqe3nin0734elx068aj,image_folder/image_clhtqscqe3nin0734elx068aj.jpg,MES-2,complete obliteration,no visible,Erosions,UCEIS-3,Severe,Marked,there is complete obliteration of the vascular pattern the mucosa demonstrates marked erythema severe friability and erosions no visible bleeding is present these findings support a mes2
clhzgxyqm044807v667sob773,image_folder/image_clhzgxyqm044807v667sob773.jpg,MES-1,Patchy obliteration,no visible,no visible erosions,UCEIS-1,Low,Moderate,there is patchy obliteration of the vascular pattern the mucosa demonstrates moderate erythema low friability and no visible erosions no visible bleeding is present these findings support a mes1
cli13b6j60qjh074jh0649vo9,image_folder/image_cli13b6j60qjh074jh0649vo9.jpg,MES-3,complete obliteration,Mucosal,deep ulcers,UCEIS-6,Severe,Marked,there is complete obliteration of the vascular pattern the mucosa demonstrates marked erythema severe friability and deep ulcers mucosal bleeding is present these findings support a mes3
clhqq9scd0lgi07yq8jw3awzl,image_folder/image_clhqq9scd0lgi07yq8jw3awzl.jpg,MES-2,complete obliteration,no visible,no visible erosions,UCEIS-2,Moderate,Moderate,there is complete obliteration of the vascular pattern the mucosa demonstrates moderate erythema moderate friability and no visible erosions no visible bleeding is present these findings support a mes2
clhs5b72k06yd07y317y8bxzo,image_folder/image_clhs5b72k06yd07y317y8bxzo.jpg,MES-2,complete obliteration,no visible,Erosions,UCEIS-3,Moderate,Marked,there is complete obliteration of the vascular pattern the mucosa demonstrates marked erythema moderate friability and erosions no visible bleeding is present these findings support a mes2
clhz6wnce09xp073ghgod8m2e,image_folder/image_clhz6wnce09xp073ghgod8m2e.jpg,MES-2,complete obliteration,Luminal mild,Erosions,UCEIS-5,Moderate,Moderate,there is complete obliteration of the vascular pattern the mucosa demonstrates moderate erythema moderate friability and erosions luminal mild bleeding is present these findings support a mes2
clhtqc7pd037e071qgufxb04o,image_folder/image_clhtqc7pd037e071qgufxb04o.jpg,MES-3,complete obliteration,luminal severe,deep ulcers,UCEIS-8,Severe,Marked,there is complete obliteration of the vascular pattern the mucosa demonstrates marked erythema severe friability and deep ulcers luminal severe bleeding is present these findings support a mes3
cli0lu47704os07xxgv67eibs,image_folder/image_cli0lu47704os07xxgv67eibs.jpg,MES-1,Patchy obliteration,Mucosal,Erosions,UCEIS-3,Moderate,Marked,there is patchy obliteration of the vascular pattern the mucosa demonstrates marked erythema moderate friability and erosions mucosal bleeding is present these findings support a mes1
clhz5kdlf0eir073sh3qyb3mt,image_folder/image_clhz5kdlf0eir073sh3qyb3mt.jpg,MES-3,complete obliteration,Mucosal,deep ulcers,UCEIS-6,Severe,Marked,there is complete obliteration of the vascular pattern the mucosa demonstrates marked erythema severe friability and deep ulcers mucosal bleeding is present these findings support a mes3
clhs5f7y90exk07y49m5ib9lr,image_folder/image_clhs5f7y90exk07y49m5ib9lr.jpg,MES-2,complete obliteration,no visible,no visible erosions,UCEIS-2,Low,Moderate,there is complete obliteration of the vascular pattern the mucosa demonstrates moderate erythema low friability and no visible erosions no visible bleeding is present these findings support a mes2
cli0zq08d0x8407328w0og94r,image_folder/image_cli0zq08d0x8407328w0og94r.jpg,MES-2,complete obliteration,Luminal mild,superficial ulcers,UCEIS-6,Moderate,Marked,there is complete obliteration of the vascular pattern the mucosa demonstrates marked erythema moderate friability and superficial ulcers luminal mild bleeding is present these findings support a mes2
clhz4nsbg0g7k07z5133l5ryv,image_folder/image_clhz4nsbg0g7k07z5133l5ryv.jpg,MES-2,complete obliteration,no visible,no visible erosions,UCEIS-2,Low,Moderate,there is complete obliteration of the vascular pattern the mucosa demonstrates moderate erythema low friability and no visible erosions no visible bleeding is present these findings support a mes2
cli1x00ul03ta074485407een,image_folder/image_cli1x00ul03ta074485407een.jpg,MES-2,complete obliteration,no visible,Erosions,UCEIS-3,Moderate,Marked,there is complete obliteration of the vascular pattern the mucosa demonstrates marked erythema moderate friability and erosions no visible bleeding is present these findings support a mes2
clhslm0s200l4072j3e6c9933,image_folder/image_clhslm0s200l4072j3e6c9933.jpg,MES-3,complete obliteration,Luminal mild,superficial ulcers,UCEIS-6,Moderate,Marked,there is complete obliteration of the vascular pattern the mucosa demonstrates marked erythema moderate friability and superficial ulcers luminal mild bleeding is present these findings support a mes3
cli0murbs001q0720bsa5ennx,image_folder/image_cli0murbs001q0720bsa5ennx.jpg,MES-2,complete obliteration,Luminal mild,superficial ulcers,UCEIS-6,Moderate,Marked,there is complete obliteration of the vascular pattern the mucosa demonstrates marked erythema moderate friability and superficial ulcers luminal mild bleeding is present these findings support a mes2
Image_136447,image_folder/Image_136447.png,MES-0,Normal,no visible,no visible erosions,UCEIS-0,no visible,no visible,normal vascular pattern normal mucosa no visible erosions and no visible bleeding these findings support a mes0
Image_101919,image_folder/Image_101919.png,MES-0,Normal,no visible,no visible erosions,UCEIS-0,no visible,no visible,normal vascular pattern normal mucosa no visible erosions and no visible bleeding these findings support a mes0
cli13fcdg0qlt074j9qqgcylb,image_folder/image_cli13fcdg0qlt074j9qqgcylb.jpg,MES-2,complete obliteration,Mucosal,Erosions,UCEIS-4,Low,Marked,there is complete obliteration of the vascular pattern the mucosa demonstrates marked erythema low friability and erosions mucosal bleeding is present these findings support a mes2
clhzpwqa1002507uebby2hd35,image_folder/image_clhzpwqa1002507uebby2hd35.jpg,MES-1,Patchy obliteration,no visible,no visible erosions,UCEIS-1,no visible,no visible,there is patchy obliteration of the vascular pattern the mucosa demonstrates no visible erythema no visible friability and no visible erosions no visible bleeding is present these findings support a mes1
clhqi86xn09x407ybejyn7nxn,image_folder/image_clhqi86xn09x407ybejyn7nxn.jpg,MES-1,Patchy obliteration,no visible,no visible erosions,UCEIS-1,Low,Moderate,there is patchy obliteration of the vascular pattern the mucosa demonstrates moderate erythema low friability and no visible erosions no visible bleeding is present these findings support a mes1
clhozvgmy016n072z96ogbr21,image_folder/image_clhozvgmy016n072z96ogbr21.jpg,MES-1,complete obliteration,no visible,no visible erosions,UCEIS-2,Low,Moderate,there is complete obliteration of the vascular pattern the mucosa demonstrates moderate erythema low friability and no visible erosions no visible bleeding is present these findings support a mes1
cli19c6ex015z070g9toph1c0,image_folder/image_cli19c6ex015z070g9toph1c0.jpg,MES-2,complete obliteration,Luminal mild,superficial ulcers,UCEIS-6,Moderate,Marked,there is complete obliteration of the vascular pattern the mucosa demonstrates marked erythema moderate friability and superficial ulcers luminal mild bleeding is present these findings support a mes2
cli10ezrp086t070d93j24klu,image_folder/image_cli10ezrp086t070d93j24klu.jpg,MES-2,Patchy obliteration,Luminal mild,superficial ulcers,UCEIS-5,Moderate,Marked,there is patchy obliteration of the vascular pattern the mucosa demonstrates marked erythema moderate friability and superficial ulcers luminal mild bleeding is present these findings support a mes2
clhskhxse00aq071df4b098r6,image_folder/image_clhskhxse00aq071df4b098r6.jpg,MES-2,complete obliteration,Luminal mild,Erosions,UCEIS-5,Moderate,Marked,there is complete obliteration of the vascular pattern the mucosa demonstrates marked erythema moderate friability and erosions luminal mild bleeding is present these findings support a mes2
clhzpxecu014007xhhezc03vo,image_folder/image_clhzpxecu014007xhhezc03vo.jpg,MES-1,Normal,no visible,no visible erosions,UCEIS-0,Low,Moderate,there is normal of the vascular pattern the mucosa demonstrates moderate erythema low friability and no visible erosions no visible bleeding is present these findings support a mes1
clhql1rz70dk407z45mq0fm16,image_folder/image_clhql1rz70dk407z45mq0fm16.jpg,MES-1,Patchy obliteration,no visible,Erosions,UCEIS-2,Low,Moderate,there is patchy obliteration of the vascular pattern the mucosa demonstrates moderate erythema low friability and erosions no visible bleeding is present these findings support a mes1
clhhyjzoj03mw07tl9vpdgbec,image_folder/image_clhhyjzoj03mw07tl9vpdgbec.jpg,MES-1,complete obliteration,no visible,no visible erosions,UCEIS-2,Low,Moderate,there is complete obliteration of the vascular pattern the mucosa demonstrates moderate erythema low friability and no visible erosions no visible bleeding is present these findings support a mes1
cli0nv14l01y3073674t4gu3p,image_folder/image_cli0nv14l01y3073674t4gu3p.jpg,MES-2,complete obliteration,no visible,Erosions,UCEIS-3,Low,Moderate,there is complete obliteration of the vascular pattern the mucosa demonstrates moderate erythema low friability and erosions no visible bleeding is present these findings support a mes2
clhtv2tq900vi071l1e4t57pp,image_folder/image_clhtv2tq900vi071l1e4t57pp.jpg,MES-2,complete obliteration,no visible,Erosions,UCEIS-3,Low,Marked,there is complete obliteration of the vascular pattern the mucosa demonstrates marked erythema low friability and erosions no visible bleeding is present these findings support a mes2
clhs2cefl04av07yy5cpu2tb6,image_folder/image_clhs2cefl04av07yy5cpu2tb6.jpg,MES-2,complete obliteration,no visible,Erosions,UCEIS-3,Moderate,Marked,there is complete obliteration of the vascular pattern the mucosa demonstrates marked erythema moderate friability and erosions no visible bleeding is present these findings support a mes2
cli1wksvs02wg072e13tn3cx7,image_folder/image_cli1wksvs02wg072e13tn3cx7.jpg,MES-2,complete obliteration,Luminal mild,superficial ulcers,UCEIS-6,Moderate,Marked,there is complete obliteration of the vascular pattern the mucosa demonstrates marked erythema moderate friability and superficial ulcers luminal mild bleeding is present these findings support a mes2
clhtthhfp06sx0709aeah2ofo,image_folder/image_clhtthhfp06sx0709aeah2ofo.jpg,MES-3,complete obliteration,Luminal mild,superficial ulcers,UCEIS-6,Moderate,Marked,there is complete obliteration of the vascular pattern the mucosa demonstrates marked erythema moderate friability and superficial ulcers luminal mild bleeding is present these findings support a mes3
clhs415p70dwz07y1gk397icn,image_folder/image_clhs415p70dwz07y1gk397icn.jpg,MES-1,Patchy obliteration,no visible,no visible erosions,UCEIS-1,Low,Moderate,there is patchy obliteration of the vascular pattern the mucosa demonstrates moderate erythema low friability and no visible erosions no visible bleeding is present these findings support a mes1
clhry5j700am907z6er0936g5,image_folder/image_clhry5j700am907z6er0936g5.jpg,MES-2,complete obliteration,no visible,superficial ulcers,UCEIS-4,Moderate,Marked,there is complete obliteration of the vascular pattern the mucosa demonstrates marked erythema moderate friability and superficial ulcers no visible bleeding is present these findings support a mes2
cli10l7v3039k071y1l2j84jg,image_folder/image_cli10l7v3039k071y1l2j84jg.jpg,MES-2,complete obliteration,no visible,no visible erosions,UCEIS-2,Low,Moderate,there is complete obliteration of the vascular pattern the mucosa demonstrates moderate erythema low friability and no visible erosions no visible bleeding is present these findings support a mes2
Image_759870,image_folder/Image_759870.png,MES-0,Normal,no visible,no visible erosions,UCEIS-0,no visible,no visible,normal vascular pattern normal mucosa no visible erosions and no visible bleeding these findings support a mes0
Image_746869,image_folder/Image_746869.png,MES-0,Normal,no visible,no visible erosions,UCEIS-0,no visible,no visible,normal vascular pattern normal mucosa no visible erosions and no visible bleeding these findings support a mes0
clhz4swoa03v7072ca59i4vw5,image_folder/image_clhz4swoa03v7072ca59i4vw5.jpg,MES-2,complete obliteration,Mucosal,Erosions,UCEIS-4,Low,Moderate,there is complete obliteration of the vascular pattern the mucosa demonstrates moderate erythema low friability and erosions mucosal bleeding is present these findings support a mes2
cli0mtzm01n3h07vr0u9b3ojf,image_folder/image_cli0mtzm01n3h07vr0u9b3ojf.jpg,MES-2,Patchy obliteration,Mucosal,Erosions,UCEIS-3,Low,Marked,there is patchy obliteration of the vascular pattern the mucosa demonstrates marked erythema low friability and erosions mucosal bleeding is present these findings support a mes2
clhpsi5hq02dm07w10n8v0pyp,image_folder/image_clhpsi5hq02dm07w10n8v0pyp.jpg,MES-3,complete obliteration,luminal severe,deep ulcers,UCEIS-8,Severe,Marked,there is complete obliteration of the vascular pattern the mucosa demonstrates marked erythema severe friability and deep ulcers luminal severe bleeding is present these findings support a mes3
clhtshwyt04ek0731bjs52p00,image_folder/image_clhtshwyt04ek0731bjs52p00.jpg,MES-2,complete obliteration,Luminal mild,superficial ulcers,UCEIS-6,Low,Moderate,there is complete obliteration of the vascular pattern the mucosa demonstrates moderate erythema low friability and superficial ulcers luminal mild bleeding is present these findings support a mes2
cli0mygl90039071pfvbgfvak,image_folder/image_cli0mygl90039071pfvbgfvak.jpg,MES-1,Patchy obliteration,no visible,Erosions,UCEIS-2,Moderate,Marked,there is patchy obliteration of the vascular pattern the mucosa demonstrates marked erythema moderate friability and erosions no visible bleeding is present these findings support a mes1
clhqplq2k037408zbc1yx15ke,image_folder/image_clhqplq2k037408zbc1yx15ke.jpg,MES-2,complete obliteration,no visible,Erosions,UCEIS-2,Severe,Marked,there is complete obliteration of the vascular pattern the mucosa demonstrates marked erythema severe friability and erosions no visible bleeding is present these findings support a mes2
Image_753291,image_folder/Image_753291.png,MES-0,Normal,no visible,no visible erosions,UCEIS-0,no visible,no visible,normal vascular pattern normal mucosa no visible erosions and no visible bleeding these findings support a mes0
clhzepphm02od0712dek2acne,image_folder/image_clhzepphm02od0712dek2acne.jpg,MES-2,complete obliteration,no visible,Erosions,UCEIS-3,Moderate,Marked,there is complete obliteration of the vascular pattern the mucosa demonstrates marked erythema moderate friability and erosions no visible bleeding is present these findings support a mes2
clhzguu6d04lk07wcar3vc9ut,image_folder/image_clhzguu6d04lk07wcar3vc9ut.jpg,MES-3,complete obliteration,luminal severe,deep ulcers,UCEIS-8,Severe,Marked,there is complete obliteration of the vascular pattern the mucosa demonstrates marked erythema severe friability and deep ulcers luminal severe bleeding is present these findings support a mes3
cli0ln90i0u1507ug5qcybd19,image_folder/image_cli0ln90i0u1507ug5qcybd19.jpg,MES-2,complete obliteration,no visible,Erosions,UCEIS-3,Low,Moderate,there is complete obliteration of the vascular pattern the mucosa demonstrates moderate erythema low friability and erosions no visible bleeding is present these findings support a mes2
cli0o6bs900v407zc6fwedile,image_folder/image_cli0o6bs900v407zc6fwedile.jpg,MES-3,complete obliteration,Luminal mild,deep ulcers,UCEIS-7,Severe,Marked,there is complete obliteration of the vascular pattern the mucosa demonstrates marked erythema severe friability and deep ulcers luminal mild bleeding is present these findings support a mes3
clhqq3tm00cmh071j3m8y9vo4,image_folder/image_clhqq3tm00cmh071j3m8y9vo4.jpg,MES-1,Patchy obliteration,Luminal mild,superficial ulcers,UCEIS-5,Low,Marked,there is patchy obliteration of the vascular pattern the mucosa demonstrates marked erythema low friability and superficial ulcers luminal mild bleeding is present these findings support a mes1
cli0nd9ns0130072hb1b5fd3e,image_folder/image_cli0nd9ns0130072hb1b5fd3e.jpg,MES-1,Patchy obliteration,no visible,no visible erosions,UCEIS-1,no visible,no visible,there is patchy obliteration of the vascular pattern the mucosa demonstrates no visible erythema no visible friability and no visible erosions no visible bleeding is present these findings support a mes1
clhskovlc007b07183xejdufr,image_folder/image_clhskovlc007b07183xejdufr.jpg,MES-1,Patchy obliteration,no visible,no visible erosions,UCEIS-1,Low,Moderate,there is patchy obliteration of the vascular pattern the mucosa demonstrates moderate erythema low friability and no visible erosions no visible bleeding is present these findings support a mes1
clhqh102l07le071c11nhbx7i,image_folder/image_clhqh102l07le071c11nhbx7i.jpg,MES-3,complete obliteration,luminal severe,deep ulcers,UCEIS-8,Severe,Marked,there is complete obliteration of the vascular pattern the mucosa demonstrates marked erythema severe friability and deep ulcers luminal severe bleeding is present these findings support a mes3
cli10x9pp03r107058yzs6zx1,image_folder/image_cli10x9pp03r107058yzs6zx1.jpg,MES-2,complete obliteration,no visible,no visible erosions,UCEIS-2,Low,Moderate,there is complete obliteration of the vascular pattern the mucosa demonstrates moderate erythema low friability and no visible erosions no visible bleeding is present these findings support a mes2
cli1wq9tj04h407174ede6i3k,image_folder/image_cli1wq9tj04h407174ede6i3k.jpg,MES-2,complete obliteration,Mucosal,Erosions,UCEIS-4,Low,Moderate,there is complete obliteration of the vascular pattern the mucosa demonstrates moderate erythema low friability and erosions mucosal bleeding is present these findings support a mes2
clhsm5uj901aw070nan1n684j,image_folder/image_clhsm5uj901aw070nan1n684j.jpg,MES-1,Patchy obliteration,no visible,Erosions,UCEIS-2,Low,Moderate,there is patchy obliteration of the vascular pattern the mucosa demonstrates moderate erythema low friability and erosions no visible bleeding is present these findings support a mes1
clhrzcsb504sn07y2bfnrh6ff,image_folder/image_clhrzcsb504sn07y2bfnrh6ff.jpg,MES-2,complete obliteration,no visible,Erosions,UCEIS-3,Moderate,Moderate,there is complete obliteration of the vascular pattern the mucosa demonstrates moderate erythema moderate friability and erosions no visible bleeding is present these findings support a mes2
clhqq09a90fj407yd7j6i6tbr,image_folder/image_clhqq09a90fj407yd7j6i6tbr.jpg,MES-3,complete obliteration,luminal severe,deep ulcers,UCEIS-8,Severe,Marked,there is complete obliteration of the vascular pattern the mucosa demonstrates marked erythema severe friability and deep ulcers luminal severe bleeding is present these findings support a mes3
cli0lla8702w607xx0hhd81rg,image_folder/image_cli0lla8702w607xx0hhd81rg.jpg,MES-2,complete obliteration,no visible,no visible erosions,UCEIS-2,Moderate,Marked,there is complete obliteration of the vascular pattern the mucosa demonstrates marked erythema moderate friability and no visible erosions no visible bleeding is present these findings support a mes2
clhz5cbwv0nww071223rm3qd9,image_folder/image_clhz5cbwv0nww071223rm3qd9.jpg,MES-1,Patchy obliteration,no visible,Erosions,UCEIS-2,Low,Moderate,there is patchy obliteration of the vascular pattern the mucosa demonstrates moderate erythema low friability and erosions no visible bleeding is present these findings support a mes1
clhrxzw22060g07y51b5a9mh8,image_folder/image_clhrxzw22060g07y51b5a9mh8.jpg,MES-2,complete obliteration,no visible,Erosions,UCEIS-3,Moderate,Marked,there is complete obliteration of the vascular pattern the mucosa demonstrates marked erythema moderate friability and erosions no visible bleeding is present these findings support a mes2
clhqi3sv408q407z7cqrb9cd8,image_folder/image_clhqi3sv408q407z7cqrb9cd8.jpg,MES-3,complete obliteration,no visible,superficial ulcers,UCEIS-4,Severe,Marked,there is complete obliteration of the vascular pattern the mucosa demonstrates marked erythema severe friability and superficial ulcers no visible bleeding is present these findings support a mes3
clhz4wdij01ww0724h2p81gv7,image_folder/image_clhz4wdij01ww0724h2p81gv7.jpg,MES-1,complete obliteration,no visible,no visible erosions,UCEIS-2,Low,Moderate,there is complete obliteration of the vascular pattern the mucosa demonstrates moderate erythema low friability and no visible erosions no visible bleeding is present these findings support a mes1
cli19p4j701ak071s4p4d91zn,image_folder/image_cli19p4j701ak071s4p4d91zn.jpg,MES-2,complete obliteration,Luminal mild,superficial ulcers,UCEIS-6,Moderate,Marked,there is complete obliteration of the vascular pattern the mucosa demonstrates marked erythema moderate friability and superficial ulcers luminal mild bleeding is present these findings support a mes2
cli0nc2dz00vz0719gh214hb3,image_folder/image_cli0nc2dz00vz0719gh214hb3.jpg,MES-1,Patchy obliteration,no visible,no visible erosions,UCEIS-1,Low,Moderate,there is patchy obliteration of the vascular pattern the mucosa demonstrates moderate erythema low friability and no visible erosions no visible bleeding is present these findings support a mes1
cli19csmg03is070x9lsfdtor,image_folder/image_cli19csmg03is070x9lsfdtor.jpg,MES-2,complete obliteration,Mucosal,superficial ulcers,UCEIS-5,Moderate,Marked,there is complete obliteration of the vascular pattern the mucosa demonstrates marked erythema moderate friability and superficial ulcers mucosal bleeding is present these findings support a mes2
cli0l9enq086o07udfbqq42zk,image_folder/image_cli0l9enq086o07udfbqq42zk.jpg,MES-2,complete obliteration,Mucosal,Erosions,UCEIS-4,Moderate,Marked,there is complete obliteration of the vascular pattern the mucosa demonstrates marked erythema moderate friability and erosions mucosal bleeding is present these findings support a mes2
clhv97f9z0qp7070o3jzj6i0f,image_folder/image_clhv97f9z0qp7070o3jzj6i0f.jpg,MES-0,Normal,no visible,no visible erosions,UCEIS-0,no visible,no visible,normal vascular pattern normal mucosa no visible erosions and no visible bleeding these findings support a mes0
clhprzg9o00fl07yabmwj0r4t,image_folder/image_clhprzg9o00fl07yabmwj0r4t.jpg,MES-2,complete obliteration,no visible,no visible erosions,UCEIS-2,Low,Moderate,there is complete obliteration of the vascular pattern the mucosa demonstrates moderate erythema low friability and no visible erosions no visible bleeding is present these findings support a mes2
clhqiotgz01iu07w50q7o4p0f,image_folder/image_clhqiotgz01iu07w50q7o4p0f.jpg,MES-2,complete obliteration,no visible,Erosions,UCEIS-3,Moderate,Marked,there is complete obliteration of the vascular pattern the mucosa demonstrates marked erythema moderate friability and erosions no visible bleeding is present these findings support a mes2
clhqhfryz063407xce7k8b7da,image_folder/image_clhqhfryz063407xce7k8b7da.jpg,MES-2,complete obliteration,no visible,Erosions,UCEIS-3,Low,Marked,there is complete obliteration of the vascular pattern the mucosa demonstrates marked erythema low friability and erosions no visible bleeding is present these findings support a mes2
clhs23nvq0e4q07078m30c2m9,image_folder/image_clhs23nvq0e4q07078m30c2m9.jpg,MES-1,complete obliteration,no visible,no visible erosions,UCEIS-2,Low,Moderate,there is complete obliteration of the vascular pattern the mucosa demonstrates moderate erythema low friability and no visible erosions no visible bleeding is present these findings support a mes1
clhtuytzh0au3070g6gh1d9hl,image_folder/image_clhtuytzh0au3070g6gh1d9hl.jpg,MES-2,complete obliteration,no visible,Erosions,UCEIS-3,Low,Marked,there is complete obliteration of the vascular pattern the mucosa demonstrates marked erythema low friability and erosions no visible bleeding is present these findings support a mes2
clhzgaf9z03xc07trcvwqgb4y,image_folder/image_clhzgaf9z03xc07trcvwqgb4y.jpg,MES-2,complete obliteration,Mucosal,Erosions,UCEIS-4,Moderate,Marked,there is complete obliteration of the vascular pattern the mucosa demonstrates marked erythema moderate friability and erosions mucosal bleeding is present these findings support a mes2
clhozkh6b04o4073y7cc64etx,image_folder/image_clhozkh6b04o4073y7cc64etx.jpg,MES-1,Patchy obliteration,no visible,Erosions,UCEIS-2,Low,Moderate,there is patchy obliteration of the vascular pattern the mucosa demonstrates moderate erythema low friability and erosions no visible bleeding is present these findings support a mes1
Image_410054,image_folder/Image_410054.png,MES-0,Normal,no visible,no visible erosions,UCEIS-0,no visible,no visible,normal vascular pattern normal mucosa no visible erosions and no visible bleeding these findings support a mes0
cli0lk58u012n07y0fcjk91nm,image_folder/image_cli0lk58u012n07y0fcjk91nm.jpg,MES-1,Patchy obliteration,no visible,no visible erosions,UCEIS-1,Low,Marked,there is patchy obliteration of the vascular pattern the mucosa demonstrates marked erythema low friability and no visible erosions no visible bleeding is present these findings support a mes1
clhzq0195000x07v9hjyr1hiq,image_folder/image_clhzq0195000x07v9hjyr1hiq.jpg,MES-2,complete obliteration,no visible,Erosions,UCEIS-3,Low,Marked,there is complete obliteration of the vascular pattern the mucosa demonstrates marked erythema low friability and erosions no visible bleeding is present these findings support a mes2
clhqkoddb0fnp0715hmscetet,image_folder/image_clhqkoddb0fnp0715hmscetet.jpg,MES-3,complete obliteration,Luminal mild,superficial ulcers,UCEIS-6,Moderate,Marked,there is complete obliteration of the vascular pattern the mucosa demonstrates marked erythema moderate friability and superficial ulcers luminal mild bleeding is present these findings support a mes3
clhzgbjt202uf07wy4eck2bip,image_folder/image_clhzgbjt202uf07wy4eck2bip.jpg,MES-1,Patchy obliteration,no visible,Erosions,UCEIS-2,Low,Moderate,there is patchy obliteration of the vascular pattern the mucosa demonstrates moderate erythema low friability and erosions no visible bleeding is present these findings support a mes1
cli1975ku00v6072h21ok8voz,image_folder/image_cli1975ku00v6072h21ok8voz.jpg,MES-1,Patchy obliteration,no visible,no visible erosions,UCEIS-1,Low,Moderate,there is patchy obliteration of the vascular pattern the mucosa demonstrates moderate erythema low friability and no visible erosions no visible bleeding is present these findings support a mes1
clhzfrnuc0s2r073g44k3g2tp,image_folder/image_clhzfrnuc0s2r073g44k3g2tp.jpg,MES-2,complete obliteration,Luminal mild,Erosions,UCEIS-5,Moderate,Marked,there is complete obliteration of the vascular pattern the mucosa demonstrates marked erythema moderate friability and erosions luminal mild bleeding is present these findings support a mes2
Image_427501,image_folder/Image_427501.png,MES-0,Normal,no visible,no visible erosions,UCEIS-0,no visible,no visible,normal vascular pattern normal mucosa no visible erosions and no visible bleeding these findings support a mes0
cli0z4ww1020t070labrah799,image_folder/image_cli0z4ww1020t070labrah799.jpg,MES-2,complete obliteration,no visible,Erosions,UCEIS-3,Moderate,Marked,there is complete obliteration of the vascular pattern the mucosa demonstrates marked erythema moderate friability and erosions no visible bleeding is present these findings support a mes2
clhzeov7p0rk1072i4btfdra3,image_folder/image_clhzeov7p0rk1072i4btfdra3.jpg,MES-2,complete obliteration,Mucosal,Erosions,UCEIS-4,Low,Moderate,there is complete obliteration of the vascular pattern the mucosa demonstrates moderate erythema low friability and erosions mucosal bleeding is present these findings support a mes2
cli10pnmi07b0070ldqk46hr8,image_folder/image_cli10pnmi07b0070ldqk46hr8.jpg,MES-3,complete obliteration,Luminal mild,deep ulcers,UCEIS-7,Severe,Marked,there is complete obliteration of the vascular pattern the mucosa demonstrates marked erythema severe friability and deep ulcers luminal mild bleeding is present these findings support a mes3
clhz5aq7y03ar07077f2x6q95,image_folder/image_clhz5aq7y03ar07077f2x6q95.jpg,MES-2,complete obliteration,Mucosal,Erosions,UCEIS-4,Low,Moderate,there is complete obliteration of the vascular pattern the mucosa demonstrates moderate erythema low friability and erosions mucosal bleeding is present these findings support a mes2
cli1wsf7t09fd070cbyvhb200,image_folder/image_cli1wsf7t09fd070cbyvhb200.jpg,MES-3,complete obliteration,luminal severe,deep ulcers,UCEIS-8,Severe,Marked,there is complete obliteration of the vascular pattern the mucosa demonstrates marked erythema severe friability and deep ulcers luminal severe bleeding is present these findings support a mes3
clhqi0tm5073c07xcfv0e0flr,image_folder/image_clhqi0tm5073c07xcfv0e0flr.jpg,MES-2,complete obliteration,no visible,Erosions,UCEIS-3,Moderate,Marked,there is complete obliteration of the vascular pattern the mucosa demonstrates marked erythema moderate friability and erosions no visible bleeding is present these findings support a mes2
clhp6guhu07jb07v6dsz0eslx,image_folder/image_clhp6guhu07jb07v6dsz0eslx.jpg,MES-1,complete obliteration,no visible,Erosions,UCEIS-3,Low,Moderate,there is complete obliteration of the vascular pattern the mucosa demonstrates moderate erythema low friability and erosions no visible bleeding is present these findings support a mes1
Image_845624,image_folder/Image_845624.png,MES-0,Normal,no visible,no visible erosions,UCEIS-0,no visible,no visible,normal vascular pattern normal mucosa no visible erosions and no visible bleeding these findings support a mes0
clhqkr6so0gda07zbbp7odkbw,image_folder/image_clhqkr6so0gda07zbbp7odkbw.jpg,MES-3,complete obliteration,Luminal mild,superficial ulcers,UCEIS-6,Severe,Marked,there is complete obliteration of the vascular pattern the mucosa demonstrates marked erythema severe friability and superficial ulcers luminal mild bleeding is present these findings support a mes3
cli0nah8r00pq07yudr4gdobu,image_folder/image_cli0nah8r00pq07yudr4gdobu.jpg,MES-1,Patchy obliteration,no visible,Erosions,UCEIS-2,Low,Moderate,there is patchy obliteration of the vascular pattern the mucosa demonstrates moderate erythema low friability and erosions no visible bleeding is present these findings support a mes1
cli0ku5830om207ts8zi45fma,image_folder/image_cli0ku5830om207ts8zi45fma.jpg,MES-2,complete obliteration,Luminal mild,superficial ulcers,UCEIS-6,Moderate,Marked,there is complete obliteration of the vascular pattern the mucosa demonstrates marked erythema moderate friability and superficial ulcers luminal mild bleeding is present these findings support a mes2
cli0nazow00s4073b5pggarkb,image_folder/image_cli0nazow00s4073b5pggarkb.jpg,MES-3,complete obliteration,luminal severe,deep ulcers,UCEIS-8,Severe,Marked,there is complete obliteration of the vascular pattern the mucosa demonstrates marked erythema severe friability and deep ulcers luminal severe bleeding is present these findings support a mes3
Image_848064,image_folder/Image_848064.png,MES-0,Normal,no visible,no visible erosions,UCEIS-0,no visible,no visible,normal vascular pattern normal mucosa no visible erosions and no visible bleeding these findings support a mes0
clhqha4rg08cr071chwz21k8o,image_folder/image_clhqha4rg08cr071chwz21k8o.jpg,MES-2,complete obliteration,no visible,Erosions,UCEIS-3,Moderate,Moderate,there is complete obliteration of the vascular pattern the mucosa demonstrates moderate erythema moderate friability and erosions no visible bleeding is present these findings support a mes2
clhi3uqdi04yk07zje9ly9w5x,image_folder/image_clhi3uqdi04yk07zje9ly9w5x.jpg,MES-0,Normal,no visible,no visible erosions,UCEIS-0,no visible,no visible,normal vascular pattern normal mucosa no visible erosions and no visible bleeding these findings support a mes0
clhpnrfaj005m070dcke8ef14,image_folder/image_clhpnrfaj005m070dcke8ef14.jpg,MES-1,Patchy obliteration,no visible,no visible erosions,UCEIS-1,no visible,Moderate,there is patchy obliteration of the vascular pattern the mucosa demonstrates moderate erythema no visible friability and no visible erosions no visible bleeding is present these findings support a mes1
clhzfhbbi03et07281jgd08xa,image_folder/image_clhzfhbbi03et07281jgd08xa.jpg,MES-2,complete obliteration,Mucosal,superficial ulcers,UCEIS-5,Moderate,Marked,there is complete obliteration of the vascular pattern the mucosa demonstrates marked erythema moderate friability and superficial ulcers mucosal bleeding is present these findings support a mes2
clhqq7ypp02sz071zad7353kg,image_folder/image_clhqq7ypp02sz071zad7353kg.jpg,MES-2,complete obliteration,no visible,Erosions,UCEIS-3,Low,Marked,there is complete obliteration of the vascular pattern the mucosa demonstrates marked erythema low friability and erosions no visible bleeding is present these findings support a mes2
clhz7b4xb09oe07408nzw7kkb,image_folder/image_clhz7b4xb09oe07408nzw7kkb.jpg,MES-1,complete obliteration,Mucosal,Erosions,UCEIS-4,Low,Moderate,there is complete obliteration of the vascular pattern the mucosa demonstrates moderate erythema low friability and erosions mucosal bleeding is present these findings support a mes1
clhqq1x8b02mq07xf7m6g35o9,image_folder/image_clhqq1x8b02mq07xf7m6g35o9.jpg,MES-2,complete obliteration,no visible,Erosions,UCEIS-3,Moderate,Marked,there is complete obliteration of the vascular pattern the mucosa demonstrates marked erythema moderate friability and erosions no visible bleeding is present these findings support a mes2
clhv8ydm4003k071x1lzdhh2b,image_folder/image_clhv8ydm4003k071x1lzdhh2b.jpg,MES-2,complete obliteration,no visible,no visible erosions,UCEIS-2,Low,Moderate,there is complete obliteration of the vascular pattern the mucosa demonstrates moderate erythema low friability and no visible erosions no visible bleeding is present these findings support a mes2
clhpqznzw029g07xsa1f66ely,image_folder/image_clhpqznzw029g07xsa1f66ely.jpg,MES-3,complete obliteration,Mucosal,deep ulcers,UCEIS-6,Severe,Marked,there is complete obliteration of the vascular pattern the mucosa demonstrates marked erythema severe friability and deep ulcers mucosal bleeding is present these findings support a mes3
cli0lo7pe0pro07ugebox4gkd,image_folder/image_cli0lo7pe0pro07ugebox4gkd.jpg,MES-2,complete obliteration,Mucosal,superficial ulcers,UCEIS-5,Moderate,Marked,there is complete obliteration of the vascular pattern the mucosa demonstrates marked erythema moderate friability and superficial ulcers mucosal bleeding is present these findings support a mes2
clhtqjpls01ra0731evpj36pt,image_folder/image_clhtqjpls01ra0731evpj36pt.jpg,MES-2,complete obliteration,Luminal mild,superficial ulcers,UCEIS-6,Moderate,Marked,there is complete obliteration of the vascular pattern the mucosa demonstrates marked erythema moderate friability and superficial ulcers luminal mild bleeding is present these findings support a mes2
clhpstwa407om07xkheotggj2,image_folder/image_clhpstwa407om07xkheotggj2.jpg,MES-2,complete obliteration,no visible,Erosions,UCEIS-3,Moderate,Marked,there is complete obliteration of the vascular pattern the mucosa demonstrates marked erythema moderate friability and erosions no visible bleeding is present these findings support a mes2
clhrz2bbr008p07v6hje7fb06,image_folder/image_clhrz2bbr008p07v6hje7fb06.jpg,MES-2,complete obliteration,Mucosal,superficial ulcers,UCEIS-5,Moderate,Marked,there is complete obliteration of the vascular pattern the mucosa demonstrates marked erythema moderate friability and superficial ulcers mucosal bleeding is present these findings support a mes2
clhslkffx01n407zx3lje4und,image_folder/image_clhslkffx01n407zx3lje4und.jpg,MES-1,Patchy obliteration,no visible,Erosions,UCEIS-2,Moderate,Moderate,there is patchy obliteration of the vascular pattern the mucosa demonstrates moderate erythema moderate friability and erosions no visible bleeding is present these findings support a mes1
clhskkvo001i407zdbwhs9tma,image_folder/image_clhskkvo001i407zdbwhs9tma.jpg,MES-2,complete obliteration,no visible,no visible erosions,UCEIS-2,Low,Moderate,there is complete obliteration of the vascular pattern the mucosa demonstrates moderate erythema low friability and no visible erosions no visible bleeding is present these findings support a mes2
cli0nw02y01x3073b7fsiatov,image_folder/image_cli0nw02y01x3073b7fsiatov.jpg,MES-2,complete obliteration,no visible,no visible erosions,UCEIS-2,Low,Moderate,there is complete obliteration of the vascular pattern the mucosa demonstrates moderate erythema low friability and no visible erosions no visible bleeding is present these findings support a mes2
clhv8zy8l0t9e07058b9yh1vj,image_folder/image_clhv8zy8l0t9e07058b9yh1vj.jpg,MES-2,complete obliteration,Mucosal,Erosions,UCEIS-4,Severe,Marked,there is complete obliteration of the vascular pattern the mucosa demonstrates marked erythema severe friability and erosions mucosal bleeding is present these findings support a mes2
cli0iilja0ktb07tshb395tao,image_folder/image_cli0iilja0ktb07tshb395tao.jpg,MES-1,Patchy obliteration,no visible,no visible erosions,UCEIS-1,Low,Marked,there is patchy obliteration of the vascular pattern the mucosa demonstrates marked erythema low friability and no visible erosions no visible bleeding is present these findings support a mes1
clhxpb6gt0323073d9sa8215m,image_folder/image_clhxpb6gt0323073d9sa8215m.jpg,MES-2,complete obliteration,Mucosal,superficial ulcers,UCEIS-5,Moderate,Marked,there is complete obliteration of the vascular pattern the mucosa demonstrates marked erythema moderate friability and superficial ulcers mucosal bleeding is present these findings support a mes2
cli10qy7w06bg070mbrkr63o8,image_folder/image_cli10qy7w06bg070mbrkr63o8.jpg,MES-2,complete obliteration,no visible,Erosions,UCEIS-3,Low,Marked,there is complete obliteration of the vascular pattern the mucosa demonstrates marked erythema low friability and erosions no visible bleeding is present these findings support a mes2
clhzfj8zd0kkm072p55yp4lmx,image_folder/image_clhzfj8zd0kkm072p55yp4lmx.jpg,MES-1,Patchy obliteration,no visible,no visible erosions,UCEIS-1,Low,Moderate,there is patchy obliteration of the vascular pattern the mucosa demonstrates moderate erythema low friability and no visible erosions no visible bleeding is present these findings support a mes1
cli0jgabx0spf07wu9zsbfxe6,image_folder/image_cli0jgabx0spf07wu9zsbfxe6.jpg,MES-3,complete obliteration,luminal severe,deep ulcers,UCEIS-8,Severe,Marked,there is complete obliteration of the vascular pattern the mucosa demonstrates marked erythema severe friability and deep ulcers luminal severe bleeding is present these findings support a mes3
clhtt00hc04hx07ypgbh30r27,image_folder/image_clhtt00hc04hx07ypgbh30r27.jpg,MES-2,complete obliteration,no visible,no visible erosions,UCEIS-2,Moderate,Marked,there is complete obliteration of the vascular pattern the mucosa demonstrates marked erythema moderate friability and no visible erosions no visible bleeding is present these findings support a mes2
clhqidzuu07sb07xc38yw7tre,image_folder/image_clhqidzuu07sb07xc38yw7tre.jpg,MES-3,complete obliteration,Luminal mild,superficial ulcers,UCEIS-6,Moderate,Marked,there is complete obliteration of the vascular pattern the mucosa demonstrates marked erythema moderate friability and superficial ulcers luminal mild bleeding is present these findings support a mes3
clhtrcn0o04er070i5v22793p,image_folder/image_clhtrcn0o04er070i5v22793p.jpg,MES-2,complete obliteration,Mucosal,Erosions,UCEIS-4,Moderate,Marked,there is complete obliteration of the vascular pattern the mucosa demonstrates marked erythema moderate friability and erosions mucosal bleeding is present these findings support a mes2
clhzqjyzf009i07v6dnhid4y0,image_folder/image_clhzqjyzf009i07v6dnhid4y0.jpg,MES-3,complete obliteration,no visible,no visible erosions,UCEIS-2,Moderate,Marked,there is complete obliteration of the vascular pattern the mucosa demonstrates marked erythema moderate friability and no visible erosions no visible bleeding is present these findings support a mes3
clhzewkrm021w071wg4kmdj1v,image_folder/image_clhzewkrm021w071wg4kmdj1v.jpg,MES-2,complete obliteration,Mucosal,superficial ulcers,UCEIS-5,Moderate,Moderate,there is complete obliteration of the vascular pattern the mucosa demonstrates moderate erythema moderate friability and superficial ulcers mucosal bleeding is present these findings support a mes2
clhtrug7x27pq07371093cchp,image_folder/image_clhtrug7x27pq07371093cchp.jpg,MES-2,complete obliteration,no visible,Erosions,UCEIS-3,Low,Moderate,there is complete obliteration of the vascular pattern the mucosa demonstrates moderate erythema low friability and erosions no visible bleeding is present these findings support a mes2
clhzqauud093m07ud714t2sjx,image_folder/image_clhzqauud093m07ud714t2sjx.jpg,MES-2,complete obliteration,Luminal mild,superficial ulcers,UCEIS-6,Moderate,Marked,there is complete obliteration of the vascular pattern the mucosa demonstrates marked erythema moderate friability and superficial ulcers luminal mild bleeding is present these findings support a mes2
cli0lqyvt006k07xk3vv880ni,image_folder/image_cli0lqyvt006k07xk3vv880ni.jpg,MES-3,complete obliteration,Mucosal,deep ulcers,UCEIS-6,Moderate,Marked,there is complete obliteration of the vascular pattern the mucosa demonstrates marked erythema moderate friability and deep ulcers mucosal bleeding is present these findings support a mes3
clhqtbyef07ox07wm82ejgy7z,image_folder/image_clhqtbyef07ox07wm82ejgy7z.jpg,MES-1,complete obliteration,no visible,Erosions,UCEIS-3,Low,Marked,there is complete obliteration of the vascular pattern the mucosa demonstrates marked erythema low friability and erosions no visible bleeding is present these findings support a mes1
Image_2110756,image_folder/Image_2110756.png,MES-0,Normal,no visible,no visible erosions,UCEIS-0,no visible,no visible,normal vascular pattern normal mucosa no visible erosions and no visible bleeding these findings support a mes0
clhz4lkdm0g6k07z5alzmctwv,image_folder/image_clhz4lkdm0g6k07z5alzmctwv.jpg,MES-1,Patchy obliteration,no visible,no visible erosions,UCEIS-1,Low,Moderate,there is patchy obliteration of the vascular pattern the mucosa demonstrates moderate erythema low friability and no visible erosions no visible bleeding is present these findings support a mes1
clhpr60d100ti07wthlkeerql,image_folder/image_clhpr60d100ti07wthlkeerql.jpg,MES-3,complete obliteration,no visible,superficial ulcers,UCEIS-4,Severe,Marked,there is complete obliteration of the vascular pattern the mucosa demonstrates marked erythema severe friability and superficial ulcers no visible bleeding is present these findings support a mes3
clhs40bsx0k3w071nai962kn2,image_folder/image_clhs40bsx0k3w071nai962kn2.jpg,MES-2,complete obliteration,Mucosal,superficial ulcers,UCEIS-5,Moderate,Marked,there is complete obliteration of the vascular pattern the mucosa demonstrates marked erythema moderate friability and superficial ulcers mucosal bleeding is present these findings support a mes2
clhi4wliq0io507zrf77x0mab,image_folder/image_clhi4wliq0io507zrf77x0mab.jpg,MES-0,Normal,no visible,no visible erosions,UCEIS-0,no visible,no visible,normal vascular pattern normal mucosa no visible erosions and no visible bleeding these findings support a mes0
cli0jblhq0cfm07sg46qqf921,image_folder/image_cli0jblhq0cfm07sg46qqf921.jpg,MES-2,complete obliteration,Mucosal,Erosions,UCEIS-4,Moderate,Marked,there is complete obliteration of the vascular pattern the mucosa demonstrates marked erythema moderate friability and erosions mucosal bleeding is present these findings support a mes2
clhzfk6oe0kl0072p1gpafj5n,image_folder/image_clhzfk6oe0kl0072p1gpafj5n.jpg,MES-2,complete obliteration,Mucosal,superficial ulcers,UCEIS-5,Moderate,Marked,there is complete obliteration of the vascular pattern the mucosa demonstrates marked erythema moderate friability and superficial ulcers mucosal bleeding is present these findings support a mes2
clhsmaxrj03xn070kbn5e9aa9,image_folder/image_clhsmaxrj03xn070kbn5e9aa9.jpg,MES-1,Patchy obliteration,Luminal mild,Erosions,UCEIS-4,Low,Moderate,there is patchy obliteration of the vascular pattern the mucosa demonstrates moderate erythema low friability and erosions luminal mild bleeding is present these findings support a mes1
cli1wjya700ai070fchma6ktk,image_folder/image_cli1wjya700ai070fchma6ktk.jpg,MES-2,complete obliteration,Luminal mild,superficial ulcers,UCEIS-6,Moderate,Marked,there is complete obliteration of the vascular pattern the mucosa demonstrates marked erythema moderate friability and superficial ulcers luminal mild bleeding is present these findings support a mes2
cli0j79qa0kbr07ymh3xk2w0b,image_folder/image_cli0j79qa0kbr07ymh3xk2w0b.jpg,MES-2,complete obliteration,no visible,Erosions,UCEIS-3,Moderate,Marked,there is complete obliteration of the vascular pattern the mucosa demonstrates marked erythema moderate friability and erosions no visible bleeding is present these findings support a mes2
cli1x0ix003s3073l86vt66p8,image_folder/image_cli1x0ix003s3073l86vt66p8.jpg,MES-3,complete obliteration,Mucosal,deep ulcers,UCEIS-6,Moderate,Marked,there is complete obliteration of the vascular pattern the mucosa demonstrates marked erythema moderate friability and deep ulcers mucosal bleeding is present these findings support a mes3
clhi1rcrr05nu07wc36pd39wh,image_folder/image_clhi1rcrr05nu07wc36pd39wh.jpg,MES-1,Patchy obliteration,no visible,no visible erosions,UCEIS-1,no visible,no visible,there is patchy obliteration of the vascular pattern the mucosa demonstrates no visible erythema no visible friability and no visible erosions no visible bleeding is present these findings support a mes1
Image_845944,image_folder/Image_845944.png,MES-0,Normal,no visible,no visible erosions,UCEIS-0,no visible,no visible,normal vascular pattern normal mucosa no visible erosions and no visible bleeding these findings support a mes0
cli10tfp30xmx07zc8lvegce5,image_folder/image_cli10tfp30xmx07zc8lvegce5.jpg,MES-2,complete obliteration,no visible,Erosions,UCEIS-3,Moderate,Marked,there is complete obliteration of the vascular pattern the mucosa demonstrates marked erythema moderate friability and erosions no visible bleeding is present these findings support a mes2
clhi150580dca07zrg8a59v0n,image_folder/image_clhi150580dca07zrg8a59v0n.jpg,MES-1,Patchy obliteration,no visible,no visible erosions,UCEIS-1,no visible,Moderate,there is patchy obliteration of the vascular pattern the mucosa demonstrates moderate erythema no visible friability and no visible erosions no visible bleeding is present these findings support a mes1
clhv8wod30t7j0705dq4f1gxl,image_folder/image_clhv8wod30t7j0705dq4f1gxl.jpg,MES-1,Patchy obliteration,no visible,no visible erosions,UCEIS-1,Low,Moderate,there is patchy obliteration of the vascular pattern the mucosa demonstrates moderate erythema low friability and no visible erosions no visible bleeding is present these findings support a mes1
clhzqb7xg06qc07xb8avq6c9j,image_folder/image_clhzqb7xg06qc07xb8avq6c9j.jpg,MES-2,complete obliteration,Mucosal,Erosions,UCEIS-4,Moderate,Marked,there is complete obliteration of the vascular pattern the mucosa demonstrates marked erythema moderate friability and erosions mucosal bleeding is present these findings support a mes2
clhvaaf6004w2071ycqpadqex,image_folder/image_clhvaaf6004w2071ycqpadqex.jpg,MES-1,Patchy obliteration,no visible,Erosions,UCEIS-2,Low,Moderate,there is patchy obliteration of the vascular pattern the mucosa demonstrates moderate erythema low friability and erosions no visible bleeding is present these findings support a mes1
clhi1m1fv02k207uqadj3bq9c,image_folder/image_clhi1m1fv02k207uqadj3bq9c.jpg,MES-1,Patchy obliteration,no visible,no visible erosions,UCEIS-1,no visible,Moderate,there is patchy obliteration of the vascular pattern the mucosa demonstrates moderate erythema no visible friability and no visible erosions no visible bleeding is present these findings support a mes1
clhs5c57i0n6s07zh5xt86y19,image_folder/image_clhs5c57i0n6s07zh5xt86y19.jpg,MES-2,complete obliteration,no visible,no visible erosions,UCEIS-2,Low,Marked,there is complete obliteration of the vascular pattern the mucosa demonstrates marked erythema low friability and no visible erosions no visible bleeding is present these findings support a mes2
cli19ypq101dx07zo3oje1jpa,image_folder/image_cli19ypq101dx07zo3oje1jpa.jpg,MES-2,complete obliteration,Mucosal,Erosions,UCEIS-4,Moderate,Marked,there is complete obliteration of the vascular pattern the mucosa demonstrates marked erythema moderate friability and erosions mucosal bleeding is present these findings support a mes2
cli10zazc0w72070xe7wb8i81,image_folder/image_cli10zazc0w72070xe7wb8i81.jpg,MES-3,complete obliteration,Mucosal,deep ulcers,UCEIS-6,Moderate,Marked,there is complete obliteration of the vascular pattern the mucosa demonstrates marked erythema moderate friability and deep ulcers mucosal bleeding is present these findings support a mes3
clhrzwac5057x070t192vhhbf,image_folder/image_clhrzwac5057x070t192vhhbf.jpg,MES-2,complete obliteration,Luminal mild,superficial ulcers,UCEIS-6,Moderate,Marked,there is complete obliteration of the vascular pattern the mucosa demonstrates marked erythema moderate friability and superficial ulcers luminal mild bleeding is present these findings support a mes2
clhps7qsp00mi07y79jldhx3c,image_folder/image_clhps7qsp00mi07y79jldhx3c.jpg,MES-1,Patchy obliteration,no visible,Erosions,UCEIS-2,Low,Moderate,there is patchy obliteration of the vascular pattern the mucosa demonstrates moderate erythema low friability and erosions no visible bleeding is present these findings support a mes1
cli0zqwse0xyv071u3n5w6o38,image_folder/image_cli0zqwse0xyv071u3n5w6o38.jpg,MES-2,complete obliteration,Luminal mild,superficial ulcers,UCEIS-6,Moderate,Marked,there is complete obliteration of the vascular pattern the mucosa demonstrates marked erythema moderate friability and superficial ulcers luminal mild bleeding is present these findings support a mes2
Image_246051,image_folder/Image_246051.png,MES-0,Normal,no visible,no visible erosions,UCEIS-0,no visible,no visible,normal vascular pattern normal mucosa no visible erosions and no visible bleeding these findings support a mes0
clhz73ie80a5d072iebzz2sxd,image_folder/image_clhz73ie80a5d072iebzz2sxd.jpg,MES-2,complete obliteration,no visible,no visible erosions,UCEIS-2,Low,Moderate,there is complete obliteration of the vascular pattern the mucosa demonstrates moderate erythema low friability and no visible erosions no visible bleeding is present these findings support a mes2
